name,brand,kcal_per_100g,serving_g,per_serving_kcal
"FISHER, HONEY ROASTED PEANUTS","John B. Sanfilippo & Son, Inc.",634,100,634
Tavern Ham and Smoked Gouda,Publix,244,213,519.7
"""""BEEF,GRND,PTY,27/6OZ,FBAB-SM,10#,Z""""","Farmland Foods, Inc.",300,170,510
"PEPPERONI GARLIC BUTTER BLASTED ON A TRADITIONAL CRUST PIZZA, PEPPERONI",Nestle USA Inc.,295,275,811.3
GERMAN CHOC. ICED BROWNIE,MICHELLE'S,372,156,580.3
"CLASSIC SUSHI PLATTER WR, CLASSIC","Genji, Inc.",161,780,1255.8
Baileys Cheesecake,,386.67,150,580
UMAMI BONE BROTH,Lisa Produce,312,240,748.8
"DAN DAN NOODLE BOWL BEYOND MEAT BEEF CRUMBLES TOSSED WITH RAMEN IN A SPICY CHINESE SESAME DRESSING., DAN DAN NOODLE",Cook! SF,228,298,679.4
Vegetarian Pytt i panna,,117,500,585
"PACIFIC COAST CLAM CHOWDER, PACIFIC COAST","Safeway, Inc.",125,425,531.3
MEAL KIT,LOCAL CRATE,232,383,888.6
"Veggie Patty, Wrap",Subway,220,300,660
BASIL PESTO,American Roland Food LLC,624,85,530.4
"Handcrafted Tenders, 5-piece",Popeyes Louisiana Kitchen,336.36,220,740
"Syrups, corn, dark",,286,328,938.1
"TURKEY & CHEDDAR CHEESE SUB, TURKEY & CHEDDAR CHEESE","Taylor Fresh Foods, Inc.",217,244,529.5
LEMON CHICKEN WITH PENNE ALFREDO AND PEAS,HOME CHEF,158,418,660.4
Chick'n Shack,Shake Shack,220,250,550
GREEK HORIATIKI,Dominick's Finer Foods,140,680,952
Hand Made Beef & Potato Jumbo Burrito,Reynaldo's,223,283,631.1
JUMBO FROSTED HONEY BUN,Walgreens Co.,393,135,530.5
Chicken Cipotle Wrap,Lunds & Byerlys,193,326,629.2
Shrimp Fajitas,Chili's Grill & Bar,180,650,1170
Mega Chili Cheese Dog,Dairy Queen,334.8,227,760
LASAGNA WITH MEAT SAUCE,Marie Callender's Retail Foods,123,439,540
Hand-Battered Fish & Chips,Applebee's,226.15,650,1470
"CHOCOLATE CHIP MUFFINS, CHOCOLATE CHIP",Rich Products Corporation,411,141,579.5
Mother of Meat,Screamin' Sicilian Pizza Co.,290,269,780.1
Istrian Fuži with Truffles,,284.09,220,625
Chicken Creole,,125,400,500
Pancake Platter,Burger King,250,200,500
Epic Grilled Chicken Fresh Guacamole Burrito,Del Taco,167.83,429,720
Italian Style Sandwich,Food Unlimited,202,272,549.4
Philly Cheesesteak,Signature,275,193,530.8
ICE CREAM SANDWICHES,SUNSHINE SAMMIES,361,147,530.7
Gourmet Mac & Cheese,First Street,313,227,710.5
Hamburger Helper Deluxe Beef Stroganoff Pasta Meal,GENERAL MILLS SALES INC.,356,201,715.6
PORK & BACON HASH,Hormel Foods Corporation,216,236,509.8
Signature Cake,Dierbergs Kitchen,435,147,639.5
Angus Cheeseburger Sandwich,Fast Bites,295,176,519.2
"Grandcestors, Grandcestral Stuffing",Noble Savage,138,369,509.2
SANDWICH,"Home Fresh Foods, Inc.",255,200,510
"Seeds, sesame seed kernels, dried (decorticated)",,631,150,946.5
Italian-style Chicken Breast Cutlet,Raley's,141,454,640.1
"WHITE CHOCOLATE FINGERS BISCUITS, WHITE CHOCOLATE",Burtons Gold Medal Biscuits,518,100,518
"Rice, cooked with coconut milk",,267,200,534
"MEAT LOVERS PEPPERONI, GENOA SALAMI, ITALIAN SAUSAGE & MOZZARELLA CHEESE WITH SAUCE CALZONE, MEAT LOVERS",Price Chopper Supermarkets,295,227,669.6
"CARRABBA'S ITALIAN GRILL, cheese ravioli with marinara sauce",,156,365,569.4
Belgian Waffle with Whipped Cream and Powdered Sugar,,456.67,150,685
"UNSWEET ORIGINAL ALMONDMILK, UNSWEET ORIGINAL",H E Butt Grocery Company,375,240,900
Wheaties Cereal,GENERAL MILLS SALES INC.,361,159,574
"ORGANIC ELECTRO LYTE DRINK, BLUEBERRY PEACH","Non Acidic Beverages, LLC",178,507,902.5
Pork Belly Skinless 9/11,Seaboard Foods LLC,473,112,529.8
"Beef, oxtails",,257,240,616.8
MINNESOTA ROLL WR,MAI,162,351,568.6
Baobing,,175,400,700
"MILD MACARONI & CHEESE TOPPED WITH ZESTY CHILI SAUCE WITH BEEF AND BEANS, SOUTHWEST STYLE MAC & CHEESE MILD",Nestle Usa-Frozen Food Division,131,396,518.8
"BONELESS FRIED DOUBLE CHICKEN BOWLS, WHITE MEAT CHICKEN PATTIES + MAC & CHEESE SAUCE",Pinnacle Foods Group LLC,179,425,760.8
"BEEF CHUCK BURGERS, BEEF CHUCK","Hickory Foods, Inc.",254,228,579.1
Original Chicken Sandwich,Great Value,286,192,549.1
Cobb Salad with Turkey,,192.5,400,770
"PB MALLOW MANIA PEANUT BUTTER ICE CREAM; PEANUT BUTTER AND MARSHMALLOW SWIRLS; PEANUTS; CHOCOLATY PEANUT BUTTER AND MARSHMALLOW BUNNIES, PB MALLOW MANIA","Wells Enterprises, Inc.",322,180,579.6
BUFFALO-STYLE CHICKEN WRAP,"Ukrop's Homestyle Foods, LLC",170,383,651.1
Honey Nut Chex Cereal,GENERAL MILLS SALES INC.,390,166,647.4
AUTHENTIC ITALIAN SUB,BOAR'S HEAD,213,263,560.2
"Thorntons, 70% Dark Chocolate",Thorntons,567,100,567
CHICKEN POT PIE,FRESH FOODS MARKET,214,248,530.7
UNSWEETENED ALMONDMILK,Smart & Final Iris Corporation,375,240,900
Roast Pork Sandwich with Spinach,,304,250,760
Won Copenhagen Danish Butter Cookies 12oz,Jacobsens Bakery Ltd,514,100,514
Chili Burger,,232,250,580
Pannenkoeken with Banana and Nutella,,162.5,400,650
"192 FLUTED SHELL ROUND NEUTRAL 1.75""",,514,100,514
Deluxe Beef Stroganoff Hamburger Helper Twin Pack,GENERAL MILLS SALES INC.,349,204,712
Neighborhood Burger,Applebee's,313.33,450,1410
MEATLOAF & MASHED POTATOES WITH TOMATO GRAVY MEAL,Bakkavor Foods USA Inc.,209,340,710.6
"ON-THE-GO SNACK BOX WITH PEELED, HARD-COOKED EGG, ALMONDS, GENOA SALAMI & PROVOLONE CHEESE",Target Stores,479,119,570
"96 TRENDY SHELL ROUND CHOCO BUTTER 2.75""",,519,100,519
Zurbian with Beef,,200,350,700
"SESAME GINGER CHICKEN LIGHTLY BREADED WHITE MEAT CHICKEN WITH STEAMED WHITE RICE, BROCCOLI, CARROTS, AND EDAMAME IN A SESAME GINGER SAUCE + VEGETABLE EGG ROLL, SESAME GINGER CHICKEN","Kahiki Foods, Inc.",150,340,510
"GT'S, ORGANIC RAW ENLIGHTENED KOMBUCHA, CITRUS, CITRUS",MILLENNIUM PRODUCTS,375,240,900
"MARSHMALLOW CRISPY BAR ICE CREAM; RICE CRISP AND PEANUT BUTTER SWIRLS; CHOCOLATY RICE CRISP; CHOCOLATY MARSHMALLOW BUNNIES LOAD'D SUNDAES, MARSHMALLOW CRISPY BAR","Wells Enterprises, Inc.",354,161,569.9
Shrimp Carbonara,Olive Garden,266.67,450,1200
"Beef, short loin, porterhouse steak, separable lean only, trimmed to 1/8"" fat, select, raw",,145,525,761.3
Bistro Burger,The Cheesecake Factory,391.18,340,1330
Spicy Wisconsin Mac and Cheese,,200,500,1000
Turtle Cheesecake,Peteet's Famous Cheesecakes,395,147,580.6
Big Brunch Steakburger,IHOP,303.13,320,970
"SIMPLY ASIA, THAI KITCHEN, THAI PEANUT RICE NOODLE CART","Simply Asia Foods, Inc.",196,276,541
Boneless Honey BBQ Wings,,320,200,640
DARK CHOCOLATE WITH EXTRA CACAO,MULATE UAB,631,100,631
Breaded Chicken Cutlet Milanese With Penne a La Vodka,Big Y,156,340,530.4
Jumbo White Iced Honey Buns,Krispy Kreme Doughnut Corporation,394,142,559.5
"PECAN ALMOND PIE DRIZZLED WITH CHOCOLATE, PECAN ALMOND","Wal-Mart Stores, Inc.",394,132,520.1
Seafood Platter,,302.86,350,1060
Turkey Ranch & Bacon Sandwich,Arby's,232.56,344,800
Duck Confit Crepe,,183.33,300,550
HARDBOILED EGG & ITALIAN DRY SALAME BISTRO BOARDS SNACKING,Sara Lee Foods,338,151,510.4
My/mo Vanilla Mochi Cashew Cream Frozen Dessert,My/mochi,225,258,580.5
THREE CHEESE BAKED ZITI,"Michael Angelo's Gourmet Foods, Inc",163,312,508.6
ORGANIC DURUM WHEAT SEMOLINA PASTA WITH ORGANIC LENTIL FLOUR,"Kendo Holdings, Inc.",393,140,550.2
"Beef, New Zealand, imported, intermuscular fat, raw",,602,113,680.3
Quinoa Salad with Grilled Shrimp,,125,400,500
"Seeds, sunflower seed kernels, oil roasted, without salt",,592,135,799.2
Lemon Pepper Wings,,250,238,595
Premium Chicken Curry,Harmons,191,283,540.5
CALZONE,"Safeway, Inc.",246,240,590.4
"SCALLION & GINGER GRAIN BOWL, SCALLION & GINGER",Rafael Padilla & Cia S. En C.,163,326,531.4
BLT,Five Guys,400,150,600
Chocolate Chocolate Chip Pancakes,IHOP,329.17,240,790
ARTISAN SANDWICH,"Taylor Fresh Foods, Inc.",214,234,500.8
TUNA WRAP,ROCHE BROS.,198,283,560.3
Garlicky Chicken Shawarma Bowl,Cava,150,400,600
"Lasagna Classico, Lunch",Olive Garden,166.67,300,500
Carneada,,210,350,735
Skillet Queso,Chili's Grill & Bar,408.57,350,1430
"BERTOLLI Italian Sausage Pie, 40 OZ",Conagra Brands,251,283,710.3
Pollo Asado Salad,Chipotle Mexican Grill,188.75,400,755
"Egg sandwich on biscuit, with sausage and cheese",,316,190,600.4
Satay Kambing (Lamb Satay),,144.17,360,519
"MEATBALL RIGATONI WITH TOMATO & SPINACH CREAM SAUCE STARTER KIT, TOMATO & SPINACH CREAM SAUCE","Presto Chango Decor,inc.",240,221,530.4
"TRUFFLE TORTE, TRUFFLE",Lunds Inc,442,181,800
Bloomin’ Fried Chicken,Outback Steakhouse,427.31,227,970
"DELUXE ROAST BEEF PINWHEELS, DELUXE ROAST BEEF","Renaissance Food Group, LLC",205,283,580.1
BLOODY MARY MIXER,"The Skinny Cocktail Company, LLC",875,120,1050
Classic Tostada Salad,El Pollo Loco,168.36,493,830
"SWEET & SMOKEY SALMON WITH BROCCOLI FLORETS, RICE & BUTTER, BROCCOLI FLORETS, RICE & BUTTER","Schnuck Markets, Inc.",172,326,560.7
"Salad dressing, NFS, for sandwiches",,594,237,1407.8
"#9 Italian Night Club®, Unwich",Jimmy John's,408.45,142,580
"BIBIMBAP WITH QUICK-PICKLED CARROTS, SESAME SAUCE & JASMINE RICE STARTER KIT, BIBIMBAP","Presto Chango Decor,inc.",154,468,720.7
Tuna Helper Tuna Fettuccine Alfredo,GENERAL MILLS SALES INC.,360,189,680.4
4x6 Whole Wheat Stuffed Crust Cheese Pizza Individually Boxed Pizza Topped with Tomato Sauce and Mozzarella Cheese,Nardone Brothers Baking Co.  Inc.,344,148.8,511.9
CHICKEN PAD THAI,"Kahiki Foods, Inc.",150,340,510
Caprese Panini,,225.53,235,530
Annie's Organic Cheddar Snack Mix,GENERAL MILLS SALES INC.,506,100,506
THREE MEAT & FOUR CHEESE LASAGNA,Marie Callender's Retail Foods,120,440,528
"Sweet & Spicy Chicken Habanero Sandwich, Full Sandwich",Domino's Pizza,288.89,270,780
"Marketside, Heavenly Chocolate",Marketside,342,231,790
"KFC, Fried Chicken, EXTRA CRISPY, Breast, meat and skin with breading",,268,212,568.2
PESTO CHICKEN,"Taylor Fresh Foods, Inc.",254,264,670.6
THRR MEAT PIZZA,"Frozen Specialties, Inc.",250,204,510
"CARROT GINGER ORGANIC APPLE CIDER VINEGAR PREBIOTIC SHOT, CARROT GINGER",Live Food Products Inc.,1000,60,600
"Homestyle Mac & Cheese, Large",Popeyes Louisiana Kitchen,226.7,397,900
Apple Cobbler,,220,230,506
"Chicken Wrap, Buffalo Style",Taylor Farms,221,276,610
"EGG, UNCURED BACON & CHEESE BURRITO, EGG, UNCURED BACON & CHEESE","B. Robert's Foods, Inc.",278,227,631.1
MUSHROOM CAVATELLI,PLATED.,212,411,871.3
VANILLA CREME FILLED CAKES,"Flowers Foods, Inc.",391,128,500.5
Spicy Green Goddess Bowl,Sweetgreen,112,500,560
Buttermilk Biscuit and Gravy Combo,IHOP,256.36,550,1410
"#9 Italian Night Club®, Regular",Jimmy John's,332.14,280,930
"Choco Brownie Extreme Blizzard, Small",Dairy Queen,217.65,340,740
Tacu Tacu,,177.14,350,620
Double Cheeseburger Macaroni Hamburger Helper,GENERAL MILLS SALES INC.,354,173,612.4
"EASTERN, SESAME BALL",MODI CAKES AND CONFECTIONARY PVT LTD.,627,100,627
"BONELESS PORK RIB SHAPED PATTY WITH OUR SWEET & SMOKY BBQ SAUCE AND HOMESTYLE MASHED POTATOES, PORK RIB","Overhill Farms, Inc.",146,397,579.6
"DARK CHOCOLATE WITH A SMOOTH MINT FILLING STRAWS, DARK CHOCOLATE WITH A SMOOTH MINT FILLING",AFTER EIGHT,527,100,527
Chicken & Eggs,Waffle House,157.89,380,600
"BERTOLLI, CLASSIC SHRIMP SCAMPI & LINGUINE","Mizkan Americas, Inc.",150,340,510
Rice Chex Gluten Free Breakfast Cereal,GENERAL MILLS SALES INC.,390,163,635.7
"MAC & CHEESE BOWL PASTA SMOTHERED IN A SMOOTH & CREAMY VERMONT WHITE CHEDDAR CHEESE SAUCE, MAC & CHEESE",Marie Callender's Retail Foods,154,369,568.3
Funnel cake with sugar and fruit,,380,135,513
"BLACK FOREST HAM & BABY SWISS CHEESE, WHITE FRENCH BREAD FULL SUB, BLACK FOREST HAM & BABY SWISS","Wal-Mart Stores, Inc.",191,397,758.3
JUMBO HONEY BUN,"Flowers Foods, Inc.",415,142,589.3
"MATE GINGER ENERGY & FOCUS ADAPTOGENIC HERBAL TONIC, MATE GINGER",Shine Community LLC,583,180,1049.4
"Little Debbie, Mini Donuts",Little Debbie,475,122,579.5
Byrek Me Spinaq,,350,200,700
Italian Beef Stuffed Pizza,,251.84,272,685
Pad Thai with Chicken,,160.26,312,500
Cheesy Ranch Burger Hamb Help,GENERAL MILLS SALES INC.,351,191,670.4
Pizza,Twin Dolphin Games Inc.,277,184,509.7
Pecan Pie,Country Baker,448,125,560
Godiva Chocolate Cheesecake,The Cheesecake Factory,666.67,210,1400
Cheesy Italian Shells Hamburger Helper,GENERAL MILLS SALES INC.,350,224,784
"PEANUT BUTTER CREAM PIE, PEANUT BUTTER CREAM","Conagra Brands, Inc.",470,117,549.9
"TURKEY HAVARTI WHEAT WRAP, TURKEY HAVARTI WHEAT",Russ Davis Wholesale,260,204,530.4
"Marie Callender's Frozen Dinner, Sweet & Sour Chicken, 14 Ounce, 14 OZ",Conagra Brands,126,397,500.2
Ghuzi with Lamb,,150,500,750
"ROCKY ROAD CHOCOLATE ICE CREAM; FUDGE AND MARSHMALLOW SWIRLS; CHOCOLATY ALMONDS; MARSHMALLOW BITS; CHOCOLATY MARSHMALLOW BUNNIES, ROCKY ROAD","Wells Enterprises, Inc.",283,180,509.4
"Bertolli, Italian Sausage & Rigatoni Classic Meal",Ragu,150,340,510
"SWEET & SMOKY PORK GRILLED CHEESE, SWEET & SMOKY PORK",Heinz Frozen Food Company,248,206,510.9
DELUXE ROAST BEEF,BOAR'S HEAD,197,269,529.9
Southwest Style Salad With Chicken,Good & Gather,158,354,559.3
Bowl Fulls Blackened Chicken Alfredo,Nestlé,146,396,578.2
Jumbo Honey Bun,Nature's Own,415,142,589.3
Signature Kenzie's Kakes,Dierbergs Kitchen,481,158,760
"Artisan Style Chipotle Brioche Bread, Spicy Chicken",Market Sandwich,221,235,519.4
Chicken Souvlaki,,149.43,350,523
"BREAKFAST STACKER KAISER, BREAKFAST STACKER","Sun Company, Inc. (R&M)",354,263,931
"FRIED RICE, YAKITORI CHICKEN","Ajinomoto Foods North America, Inc.",170,312,530.4
Crispy Falafel Pita,Cava,337.5,280,945
GIANT GUMMY BEAR,Novelty Specialties,343,350,1200.5
"GRANOLA BLUEBERRY PECAN MIX, BLUEBERRY PECAN",Milk and Honey Granola,2750,28,770
ITALIAN SANDWICH,"The Higher Taste, Ltd.",249,297,739.5
"DYNAMITE PENNE WITH MEATBALLS (MADE WITH CHICKEN, PORK, AND BEEF) AND SPICY CREAMY TOMATO SAUCE LAYERED OVER PENNE PASTA, TOPPED WITH MOZZARELLA CHEESE MEGA BOWLS, DYNAMITE PENNE WITH MEATBALLS",Conagra Frozen Foods,149,396,590
Chocolate Overload Cake,David’s Cookies,405,210,850.5
Pad Thai with Tofu,,167.5,400,670
"BACON DOUBLE CHEESEBURGER CHOPPED BEEF PATTIES WITH AMERICAN CHEESE & BACON ON A SESAME SEED BUN SANDWICHES, BACON DOUBLE CHEESEBURGER","Wal-Mart Stores, Inc.",301,256,770.6
Steak Fajitas,,200,400,800
"CHICKEN BACON CHEDDAR WRAP, CHICKEN BACON CHEDDAR",Speedway LLC,238,239,568.8
Peri-Peri Chicken,,155.43,460,715
MUFFIN,OVEN DELIGHTS,400,130,520
"CARAMEL SEA SALT BROWN SUGAR CAKE, CARAMEL SEA SALT","Safeway, Inc.",364,140,509.6
HAND MADE BEAN & CHEESE JUMBO BURRITO,REYNALDO'S,247,283,699
"Rice, white, medium-grain, raw, enriched",,360,195,702
Phoenix Roll,,229.07,227,520
"CLASSIC SUSHI PLATTER QBR, CLASSIC","Genji, Inc.",136,780,1060.8
"ORGANIC RICE & QUINOA QUARTET GRAIN SALAD WITH PESTO, SUN DRIED TOMATOES AND GREEN BEANS",Kohl Corporation,197,284,559.5
MILLED EGUSI,Praise Export Serv. Ltd.,560,100,560
Pörkölt with Beef,,157.14,350,550
POT PIE,Marie Callender's Retail Foods,205,283,580.1
Whole Wheat French Bread Cheese Pizza,Nardone Brothers Baking Co.  Inc.,333,155.9,519.1
Teriyaki Chicken Pizza,,465,200,930
Garlic Parm Chicken Bites,Outback Steakhouse,352.42,227,800
"HANDMADE ICE CREAM SANDWICH, PEANUT BUTTER CHOCOLATE CHIP",Thelma's LLC,358,159,569.2
Golden Grahams Cereal,GENERAL MILLS SALES INC.,400,163,652
"MARIE CALLENDERS Ham Egg Cheese, 10 OZ",Conagra Brands,261,283,738.6
"FOUR CHEESE PIZZA DIPPING STRIPS, FOUR CHEESE",Nestle USA Inc.,242,269,651
RAW SHELLED PEANUTS,"Walong Marketing, Inc.",618,85,525.3
"Meal Mart, Turkey Pot Pie",Meal Mart,255,255,650.3
Pasta Nostra Spinach & Ricotta Lasagne With Creamy Spinach Bechamel 350g,PASTA NOSTRA LIMITED,149,350,521.5
"SPICY SHRIMP ROLL, SPICY SHRIMP",K-9 Tag Company,527,260,1370.2
"Double-Glazed Baby Back Ribs, Full Rack",Applebee's,277.53,454,1260
Cheese Nachos,,256,250,640
Triple Cheeseburger,,290,400,1160
CHOCOLATE PIE MADE WITH REAL COCOA,"Hostess Brands, LLC",398,128,509.4
"Heath Blizzard, Small",Dairy Queen,188.24,340,640
"Mothbeans, mature seeds, raw",,343,196,672.3
Alligator Bites,,546.67,150,820
Cinnamon Chex Cereal,GENERAL MILLS SALES INC.,430,163,700.9
Moroccan Turkey Wrap,Cumberland Farms,205,370,758.5
BERRY SCONE,Flying Apron LLC,383,193,739.2
Kids Cheeseburger,Applebee's,380,150,570
Pyrizhky with Mushrooms and Rice,,101.82,550,560
Hand-tossed Style Bbq Chicken Pizza,Digiorno,269,234,629.5
Cajun Pasta with Chicken,,236,500,1180
BREAKFAST HANDHELD AUSSIE PIES,"Boomerang's Foods, Inc.",272,184,500.5
Couscous with Seven Vegetables,,154.29,350,540
"CHICKEN BACON RANCH PASTA MEDIUM TENDER WHITE MEAT CHICKEN, BACON & PASTA IN A SPICY RANCH CREAM SAUCE, CHICKEN BACON RANCH, MEDIUM",Nestle Usa-Frozen Food Division,154,396,609.8
"CRAB CAKE MEAL COMPLETE MEAL KIT, CRAB CAKE MEAL",Shaw's Southern Belle Frozen Foods,203,369,749.1
"BLACK FOREST HAM SANDWICH, BLACK FOREST","Taylor Fresh Foods, Inc.",205,244,500.2
LASAGNA WITH ITALIAN SAUSAGE,"Renaissance Food Group, LLC",226,283,639.6
"MEIJER, PECAN PIE","Meijer, Inc.",459,109,500.3
Salad,Renaissance Food Group,154,369,568.3
Meat Lover's Melt,Pizza Hut,333.33,330,1100
Massaman Curry Sauce With Chicken,H-E-B,154,350,539
"Pasta with cream sauce, meat, and added vegetables, restaurant",,203,250,507.5
Cas Frm Orgnc Fruitful O's Crl,GENERAL MILLS SALES INC.,400,160,640
"SPICY SZECHUAN-STYLE TURKEY MEATBALLS WITH SESAME GREEN BEANS, SPICY SZECHUAN-STYLE WITH SESAME GREEN BEANS",Relish Labs LLC,135,415,560.3
"HAM & SWISS WITH SMOKED HAM, SWISS CHEESE & HONEY MUSTARD ON A PRETZEL BUN SANDWICH, HAM & SWISS",Target Stores,233,227,528.9
Popara,,171.43,350,600
PIZZA,PALERMO'S PIZZA,247,279,689.1
"Pie, peanut butter cream",,421,150,631.5
Cajun Pasta with Chicken,Chili's Grill & Bar,203.64,550,1120
FABULOUS FRIES,"Great American Foods, Inc.",1978,28,553.8
CKY CHILI,CAMPBELL SOUP COMPANY,104,539,560.6
Hash Brown Scramble Burrito with Sausage,Chick-fil-A,259.12,274,710
"COUNTRY FRIED CHICKEN BREAST TENDERS BREADED TENDER-SHAPED CHICKEN BREAST PATTIES SERVED WITH MACARONI AND CHEESE, COUNTRY FRIED CHICKEN BREAST TENDERS",Marie Callender's Retail Foods,169,349,589.8
CARNITAS BIG BURRITO,"Boulder Brands USA, Inc.",195,298,581.1
"TURKEY SWISS DELI CROISSANT, TURKEY SWISS",Kanani Foods Inc.,211,242,510.6
Mexican Original Chicken Sandwich,Burger King,272,250,680
DELUXE ROAST BEEF,"Renaissance Food Group, LLC",208,269,559.5
"UNSWEETENED CASHEWMILK, UNSWEETENED",Harris-Teeter Inc.,312,240,748.8
ANGUS ROAST BEEF HALF SUB,"Taylor Fresh Foods, Inc.",208,255,530.4
"TURTLE PIE, TURTLE","Conagra Brands, Inc.",439,139,610.2
"GARLIC & GINGER PORK DUMPLINGS WITH SESAME KALE SALAD MEAL KIT, GARLIC & GINGER PORK DUMPLINGS WITH SESAME KALE SALAD",CIY Foods Inc,127,481,610.9
Sandwich,Good & Gather,239,247,590.3
"DANISH, CHOCOLATE & BAVARIAN CREAM","Hostess Brands, LLC",401,142,569.4
BBQ Chicken Flatbread,,368,250,920
"GT'S, SYNERGY, ORGANIC RAW KOMBUCHA, CLASSIC, DIVINE GRAPE, DIVINE GRAPE",MILLENNIUM PRODUCTS,438,240,1051.2
"SIGNATURE SPICY MISO RAMEN - CHICKEN, SPICY MISO RAMEN - CHICKEN",Advanced Fresh Concepts Corp.,97,719,697.4
Shredded Chicken & Cheese Pollo Bowl,El Pollo Loco,116.83,505,590
PIZZA,PALERMO'S PIZZA,233,258,601.1
BANANA MUFFIN,"Bimbo Bakeries USA, Inc.",385,156,600.6
Waakye with Fish,,183.33,300,550
Caballo Bayo,,175,400,700
"MARIE CALLENDERS Spaghetti And Meatballs With Bread Dinners, 15 OZ",Conagra Brands,127,425,539.8
Oreo House-Made Milkshake,IHOP,220.59,340,750
EVERROAST CHICKEN CLUB PREMIUM MEATS & CHEESES,"Renaissance Food Group, LLC",212,241,510.9
"BURRITO BOWLS STARTER KIT WITH CHARRED CORN & TOMATO SALSA, BURRITO BOWLS WITH CHARRED CORN & TOMATO SALSA","Presto Chango Decor,inc.",164,574,941.4
"BURSTIN' BUFFALO STYLE CHICKEN, BURSTIN' BUFFALO STYLE",HUNGRY-MAN,239,255,609.5
"Tastykake, Danish, Apple",Tastykake,387,142,549.5
EVERROAST CHICKEN CLUB PREMIUM MEATS & CHEESES,BOAR'S HEAD,212,241,510.9
BOSTON CREME HONEY BUN,Tasty Baking Company,401,142,569.4
Sirloin Steak & Eggs,Denny's,169.23,455,770
Rillettes de Canard,,510,100,510
"SAUSAGE, EGG AND CHEESE BAGEL",CUMBERLAND FARMS,263,198,520.7
"ACAPULCO-STYLE PORK TACOS WITH CHEDDAR-JACK AND JALAPENO RANCH SLAW MEAL KITS, ACAPULCO-STYLE PORK TACOS",Relish Labs LLC,188,393,738.8
"81 ROUND TART SWEET BUTTER 3.25""",,520,100,520
"Turtle Pecan Cluster Blizzard, Small",Dairy Queen,200,340,680
Keto Buffalo Ranch Pizza,Cappello's,346,156,539.8
DOUBLE CHOCOLATE COOKIES + CHOCOLATE COOKIE CRUMB ICE CREAM WITH CHOCOLATE COOKIE CHUNKS SANDWICH,COOLHAUS,341,164,559.2
"Mint Chocolate Shake, Large",Arby's,150.98,510,770
"Salmon Sushi Set Wr, Salmon",Gemji,180,356,640.8
CRANBERRY MINT FLAVORED ENERGY DRINK,"Lou Malnati's Priority Pizza, Inc.",292,360,1051.2
Double Baja Shrimp Tostada,El Pollo Loco,235.71,420,990
"SANTA FE SHEPHERD'S PIE STARTER KIT WITH POBLANO & CHEDDAR MASHED POTATOES, SANTA FE SHEPHERD'S PIE","Presto Chango Decor,inc.",164,439,720
Bacon Cheese Dog,Five Guys,394.12,170,670
"WELLNESS ENERGIZE GINGER SHOT, GINGER","Reed's, Inc.",1250,60,750
TRAY BEEF SNACK BITES & CHEESE,Papa John's Salads & Produce,393,140,550.2
ARTISAN CRUST CLASSIC MARGHERITA,EAT PIZZA,198,298,590
"The Original Italian (Cold Sub #13), Regular",Jersey Mike's Subs,227.5,400,910
Buffalo-style Chicken Wrap,Ukrop's Homestyle Foods,170,383,651.1
"PEANUT BUTTER CUPS, MILK CHOCOLATE",REESE'S,505,100,505
"COCONUT PREMIUM MOCHI ICE CREAM IN SWEET RICE DOUGH, COCONUT",The Mochi Ice Cream Company,240,258,619.2
"NASHVILLE-STYLE HOT CHICKEN SALAD WITH GREENS AND ROASTED CORN MEAL KITS, NASHVILLE-STYLE","Publix Super Markets, Inc.",127,450,571.5
Harmless Food Co Plant Based Mango 'Chicken' Curry 400g,BERKANO ORGANICS LIMITED,165,400,660
Meatballs Parmigiana,Olive Garden,346.67,300,1040
Sweetened Flakes Coco Rallado,La Fe,506,100,506
SRIRACHA CHICKEN SANDWICH,FRESH & EASY,200,255,510
SWEET SLICE HAM & SWISS CHEESE BAGUETTE,"Renaissance Food Group, LLC",218,354,771.7
MINT INFUSED SIMPLE SYRUP,Collins Brothers Inc.,4600,15,690
Protein Power Pancakes,IHOP,253.85,260,660
Kibbeh in Yogurt Soup,,180,500,900
Seafood Stuffed Salmon,Meijer,179,312,558.5
BLACKENED SALMON WITH RICE AND ORZO PILAF,"Big Y Foods, Inc.",194,340,659.6
"Pot pie, no meat",,242,210,508.2
"Pie Crust, Cookie-type, Chocolate, Ready Crust",,484,182,880.9
"Shaw's Marketfresh, Sugar Cookie",West Coast Grocery Company,520,100,520
Monterey Melt,Whataburger,281.25,320,900
Shrimp Sriracha Flatbreads,Phillips,277,253,700.8
Margarita Grilled Chicken,Chili's Grill & Bar,144.44,450,650
"Double cheeseburger, on wheat bun, 2 medium patties",,297,270,801.9
Hotcakes,McDonald's,241.67,240,580
"SAUSAGE, EGG, CHEESE BAGEL, SAUSAGE, EGG, CHEESE","Sun Company, Inc. (R&M)",292,198.5,579.6
Carrot Cake,Rich's,500,130,650
"FRIED CHICKEN BUFFALO STYLE MAC & CHEESE PASTA IN A CREAMY CHEESE SAUCE WITH WHITE MEAT CHICKEN FRITTERS BOWL, FRIED CHICKEN BUFFALO STYLE MAC & CHEESE",Marie Callender's Retail Foods,181,326,590.1
"ITALIAN HOAGIE DRESSING, ITALIAN HOAGIE",Gilbert Foods LLC.,265,264,699.6
Costillas de Res,,466.67,135,630
ITALIAN STYLE SALAMI & HAM WRAP,NOT A BRANDED ITEM,268,194,519.9
"APPLEBEE'S, crunchy onion rings",,356,350,1246
Pollo Asado Burrito,,150.53,570,858
"TURKEY & BACON WITH RANCH OVEN-ROASTED TURKEY AND APPLEWOOD SMOKED BACON WITH MOZZARELLA AND SHARP CHEDDAR CHEESE, TOPPED WITH A CREAMY RANCH SAUCE BETWEEN CRISPY, GOLDEN-BROWN BREAD GRILLED CHEESE, TURKEY & BACON WITH RANCH",Kraft Heinz Foods Company,270,204,550.8
"Beef 'n Cheddar Sandwich, Double",Arby's,209.3,301,630
"SANDWICH, HAM & SWISS",Target Stores,223,264,588.7
"HONEY JUMBO ICED BUNS, HONEY",Carolina Foods Inc.,393,135,530.5
"SHRIMP LO MEIN NOODLES, SHRIMP LO MEIN","Genji, Inc.",137,416,569.9
ORANGE CREAMSICLE CUPCAKE,FRESH & EASY,438,128,560.6
"GOAT CHEESE AND WALNUT CRUSTED STEAK WITH SHALLOT DEMI SAUCE WITH ROASTED CARROTS AND POT ROAST OVEN FRIES MEAL KITS, GOAT CHEESE AND WALNUT CRUSTED STEAK WITH SHALLOT DEMI",Relish Labs LLC,118,595,702.1
"MUFFIN, APPLE CINNAMON",International Delights,400,130,520
Chicken Salad Bagel Sandwich,,230.77,260,600
Bertolli,P.f. Chang's,184,369,679
"MUSTARD AND ZA'ATAR-MARINATED CHICKEN SLICED AND SERVED OVER A BOWL OF BROWN RICE, CUCUMBERS AND PEPPERS AND TOPPED WITH A DOLLOP OF HOMEMADE TZAZIKI SAUCE MEAL KIT, SEARED CHICKEN RICE BOWL WITH TZAZIKI & ZA'ATAR",LOCAL CRATE,126,547,689.2
"CHEESEBURGER FLAMEBROILED CHOPPED BEEF STEAK WITH AMERICAN CHEESE ON A SESAME SEED BUN SANDWICHES, CHEESEBURGER",STEAK-EZE,293,174,509.8
SOUTHWEST CHICKEN WRAP,"Renaissance Food Group, LLC",182,319,580.6
Spinach & Bacon Souffle,Panera Bread,369.13,149,550
Curly Fries,,313.13,198,620
"GLOBESPUN GOURMET, CHEDDAR CHIPOTLE","Essential Foods, Inc.",168,312,524.2
RAW SHELLED PEANUT,"Walong Marketing, Inc.",618,85,525.3
BBQ Brisket Burger,Chili's Grill & Bar,269.05,420,1130
Razor Clams with Garlic Butter,,225.61,246,555
"BROCCOLI, CAULIFLOWER & CARROTS",Pinnacle Foods Group LLC,869,84,730
TURKEY CLUB HALF SUB,"Taylor Fresh Foods, Inc.",212,241,510.9
Chocolate Peanut Butter Jar Cake,Target Corporation,327,162,529.7
"Chips & Queso Blanco, Regular",El Pollo Loco,334.37,323,1080
"SMOKY BBQ BACON CHICKEN THIGH TACOS WITH CHEDDAR CHEESE OVEN KITS, SMOKY BBQ BACON CHICKEN WITH CHEDDAR CHEESE",Relish Labs LLC,164,530,869.2
Big Breakfast with Hotcakes,McDonald's,268,500,1340
Chicken Biscuit Sandwich,,346.67,150,520
Afghan Karahi with Chicken,,144,350,504
"HUNGRY-MAN, SMOKIN' BACKYARD BARBEQUE",Pinnacle Foods Group LLC,164,432,708.5
"PREMIUM MUFFINS, BLUEBERRY","Bimbo Bakeries USA, Inc.",437,142,620.5
"SEASONED & SMOKED CENTER CUT BEEF RIBS WITH ORIGINAL BBQ SAUCE, ORIGINAL BBQ SAUCE",Lloyd's Barbeque Company,294,214,629.2
GLAZED CHOCOLATE MINT FLAVORED PIE,Tasty Baking Company,391,128,500.5
Green Curry with Shrimp,,192,350,672
Jumbo Shrimp Burrito,Del Taco,261.15,314,820
Pork Belly Skinless,Seaboard Foods LLC,473,112,529.8
The Hulk Chocolate,Smoothie King,150.85,590,890
Mega Muffin,Hostess,366,142,519.7
Jalapeño Cheese Sausage,,281.94,227,640
"ORGANIC COCONUT BUTTER, COCONUT",WICHY PLANTATION CO. (PVT) LTD.,660,100,660
Hot Honey Chicken & Bacon Skillet,Applebee's,157.14,700,1100
Grilled Pork Chops,,282.83,198,560
"ITALIAN ITALIAN SAUSAGE PASTA ITALIAN PORK SAUSAGE & RADIATORE PASTA WITH SPINACH AND TOMATOES IN A CREAMY TOMATO SAUCE, ITALIAN SAUSAGE PASTA",Nestle Usa-Frozen Food Division,157,396,621.7
"ITALIAN PINWHEELS, ITALIAN",Nash Finch Company,253,241,609.7
"STEAK AND LOADED MASHED POTATOES WITH CHARRED BROCCOLI AND SCALLION GREEN CHILI-CHEDDAR MEAL KIT, STEAK AND LOADED MASHED POTATOES","Giant Eagle, Inc.",96,570,547.2
"NATURAL PROBIOTIC KOMBUCHA, GINGER TURMERIC",Tanstra LLC,500,240,1200
"BLACKENED CHICKEN ALFREDO MEDIUM BLACKENED WHITE MEAT CHICKEN AND PASTA IN A CREAMY ALFREDO SAUCE, BLACKENED CHICKEN ALFREDO",Nestle Usa-Frozen Food Division,146,396,578.2
CLUB STACKER SANDWICH,"7-Eleven, Inc.",217,309,670.5
Halloween Whopper,Burger King,253.57,280,710
"WHOLE FOODS MARKET, CHEESE TORTELLONI WITH PEPPER PESTO","Harry's Farmers Market, Ltd.",225,293,659.3
"MUFFIN, CHOCOLATE CHIP","Bimbo Bakeries USA, Inc.",500,142,710
Roast Beef and Cheddar Sandwich,Tim Hortons,224,250,560
MILKSHAKE CINNABON,Rich Products Corporation,141,474,668.3
Chakhapuli,,150,400,600
Mexican Style Fiesta,Hungry-Man,152,454,690.1
Zwiebelkuchen,,175.07,337,590
"Burstin' Buffalo Style Chicken, Burstin' Buffalo Style",Hungry-Man,239,255,609.5
"Breakfast Crunchwrap, Bacon",Taco Bell,285.11,235,670
"Waffle Bowl Tropical, Greek Yogurt",Jamba,141.65,473,670
"Jumbo Egg Rolls, 3 pieces",Jack in the Box,271.43,210,570
Multi Grain Cheerios Cereal 2 Pack,GENERAL MILLS SALES INC.,385,162,623.7
"Pedia Sure Grow & Gain Nutritional Shake, Strawberry, 8 oz Bottle (6 Count)",PediaSure,220,340.2,748.4
"Popcorn, movie theater, with added butter",,656,84,551
ITALIAN SUB SANDWICH,Fresh Food Manufacturing,220,296,651.2
Turkey Club Sandwich,,220,240,528
"ZESTY COUSCOUS BOWLS STARTER KIT WITH ZUCCHINI & MEDITERRANEAN SPICES, ZESTY COUSCOUS WITH ZUCCHINI & MEDITERRANEAN SPICES","Presto Chango Decor,inc.",126,492,619.9
"Cheese Curds, Large",Dairy Queen,357.14,280,1000
"CINNAMON BROWN SUGAR FLAVOR BREAKFAST BISCUITS, CINNAMON BROWN SUGAR",Nabisco Biscuit Company,1440,50,720
Gibanica,,250,238,595
"TOFURKY, QUICHE VEGAN SAUSAGE & VEGGIE","Turtle Island Foods, Inc.",244,213,519.7
Breakfast Wraps Sausage,Galant Food Co,230,226,519.8
"MILK CHOCOLATE WITH HAZELNUTS, HAZELNUTS",TERRAVITA,531,100,531
Meatballs,Michelina's,191,383,731.5
Hand Made Green Jumbo Burrito,Reynaldo's,194,283,549
CHICKEN FRIED RICE,Windsor Quality Food Products Ltd.,167,312,521
"CHIPOTLE CHICKEN WRAP, CHICKEN",NOT A BRANDED ITEM,209,292,610.3
Bistec Encebollado,,212.77,235,500
"Veal, composite of trimmed retail cuts, separable fat, cooked",,642,85,545.7
"McDONALD'S, McFLURRY with OREO cookies",,165,337,556
Angus Cheeseburger Sandwiches,Fast Bites,299,174,520.3
"MEAL KIT, KOREAN FRIED CHICKEN WITH SWEET GOCHUJANG SAUCE",CIY Foods Inc,232,383,888.6
Farro Salad,,280,200,560
PUMPKIN WHOOPIE PIE,WEIS QUALITY,451,113,509.6
Biscuit Sandwich,Fast Bites,335,158,529.3
VEGETARIAN BREAKFAST BURRITO,Triple 'B' Corporation,180,283,509.4
"ICED HONEY BUN WITH SWEET ICING, HONEY","7-Eleven, Inc.",408,142,579.4
Home Style Meals Swedish Meatballs,Boston Market,154,371,571.3
SOUTHWEST STYLE SALAD WITH CHICKEN,NOT A BRANDED ITEM,158,354,559.3
Pork Roll Club Sandwich,,334,250,835
Buffalo Chicken Ranch Sandwich,Chili's Grill & Bar,245.95,370,910
Deep Dish Three Meat Pizza,Devour,292,226,659.9
PB MALLOW MANIA PEANUT BUTTER ICE CREAM; PEANUT BUTTER AND MARSHMALLOW SWIRLS; PEANUTS; CHOCOLATY PEANUT BUTTER AND MARSHMALLOW BUNNIES,"Wells Enterprises, Inc.",322,180,579.6
"CHOCOLATE CHEESECAKE, CHOCOLATE","Suzy's Cream Cheesecakes, Inc.",451,142,640.4
Matcha Milk Tea with Honey Boba,,99.28,554,550
"STRAWBERRY MOUSSE FILLED FLAVORED CAKE, STRAWBERRY MOUSSE FILLED","Wal-Mart Stores, Inc.",414,128,529.9
"CHICKEN ALFREDO WITH CAVATAPPI PASTA, CHICKEN",Relish Labs LLC,221,340,751.4
Totino's Supreme Pizza Rolls 15 Count,GENERAL MILLS SALES INC.,254,212,538.5
"Romaine Lettuce, Turkey Breast, Eggs, Tomatoes, Cheese, and Served With Ranch Dressing, Chef Salad",Good & Gather,149,397,591.5
Hamburger Helper Cheeseburger Macaroni Pasta Meal,GENERAL MILLS SALES INC.,348,179,622.9
"MEATLESS GRILLED CHIK'N WITH DAIRY-FREE MOZZARELLA AND BUFFALO RANCH SAUCE ON A THIN CRUST PIZZA, BUFFALO CHIK'N","The Miso Brothers, Inc.",300,170,510
"CARRABBA'S ITALIAN GRILL, chicken parmesan without cavatappi pasta",,206,339,698.3
"CREAMY RUSTIC ITALIAN SAUSAGE PASTA WITH TOMATOES AND KALE MEAL KIT, CREAMY RUSTIC ITALIAN SAUSAGE PASTA WITH TOMATOES AND KALE",CIY Foods Inc,175,457,799.8
Beef Shawarma,,253.2,250,633
Buffalo Chicken Wrap,Tropical Smoothie Cafe,206.67,300,620
Homestyle Chicken BLT,Cracker Barrel,322.86,350,1130
Oven-Baked Lasagna,Denny's,221.57,510,1130
MEXICAN STYLE RICE & BARBACOA BEEF BURRITO,"FRESH & EASY, LLC",215,284,610.6
CHUNKY FIREHOUSE HOT & SPICY BEEF & BEAN CHILI - EASY OPEN 19.00 OZ,CAMPBELL SOUP COMPANY,104,539,560.6
Classic Hot Buffalo Specialty Chicken,Domino's Pizza,259.09,220,570
Machbous with Lamb,,140,500,700
Beef Pot Roast,Publix,110,538,591.8
"ALMOND & CHEESE SNACK PACK, ALMOND & CHEESE","Renaissance Food Group, LLC",251,255,640
CHICKEN CAESAR SALAD,"Renaissance Food Group, LLC",188,298,560.2
Butter Chicken With Green Peas Pilaf,Wild Harvest,187,283,529.2
"BISKITOP, ASSORTED DELICIOUS WAFER STICKS, STRAWBERRY, VANILLA MILK, CAPPUCCINO, CHOCOLATE",BISKITOP,512,100,512
"Egg sandwich on croissant, with sausage",,325,180,585
"MYOJO, JAPANESE STYLE NOODLES",JFC International Inc.,443,135.4,599.8
"MAINE LOBSTER MADE WITH CREAM, LOBSTER MEAT, BUTTER AND SHERRY WINE BISQUE, MAINE LOBSTER",H E Butt Grocery Company,152,454,690.1
Friptură de Porc,,199.7,675,1348
Chicken Pot Pies Tender White Meat Chicken,Marie Callender's,216,283,611.3
Blueberry Cheerios Cereal,GENERAL MILLS SALES INC.,407,150,610.5
The Outbacker Burger,Outback Steakhouse,388.24,170,660
MEAL KIT,LOCAL CRATE,122,449,547.8
"Triple Pack Corn, Rice and Wheat Chex Cereal",GENERAL MILLS SALES INC.,390,163,635.7
Peanut Buster Parfait,Dairy Queen,237.46,299,710
Jumbo Honey Buns,Nature's Own,415,142,589.3
"ITALIAN STYLE GARLIC PANINI, ITALIAN STYLE GARLIC","Renaissance Food Group, LLC",262,252,660.2
Baked Ziti With Meat Sauce,Taylor Farms,224,340,761.6
Whole Wheat Self Rising Four Cheese Pizza,Nardone Brothers Baking Co.,367,152.5,559.7
Guava & Cheese Pie,Mily's Crackers,397,126,500.2
"Ham, Egg and Cheese Hashbrown Bowl",Waffle House,191.43,350,670
"VEGGIE BURRITO, VEGGIE",Sculatti I.F.S.,90000,1,900
SIGNATURE KENZIE'S KAKES,"Dierberg's Markets, Inc.",444,160,710.4
Tantanmen,,106.67,600,640
Cheesy Beef Pasta Hamburger Helper,GENERAL MILLS SALES INC.,347,163,565.6
"Barley, pearled, raw",,352,200,704
"MRS. FRESHLEY'S, GRAND ICED HONEY BUN","Flowers Foods, Inc.",400,170,680
"Seeds, sesame seed kernels, toasted, without salt added (decorticated)",,567,128,725.8
TIPPY ASSAM ORGANIC UNSWEETENED PURE LEAF TEAS,The Tao of Tea,296,345,1021.2
Club Sandwich,,239,250,597.5
"Fisher, Honey Roasted Cashews",Fisher,580,100,580
CASCARA SPICE ADAPTOGENIC TEA,GT'S LIVING FOODS,312,240,748.8
"SHRIMP SCAMPI & LINGUINE PASTA AND SHRIMP WITH ROASTED PEPPERS IN A GARLIC SAUCE CLASSIC SKILLET MEAL, SHRIMP SCAMPI & LINGUINE","Mizkan America, Inc.",150,340,510
"TASTE OF TONY'S, COMBINATION PIZZA",The Schwan Food Company,243,210,510.3
"Mediterranean Veggie Sandwich, Full Sandwich",Domino's Pizza,276.92,260,720
"HIBISCUS ROSE HIBISCUS + ROSE BLOSSOM + LIME + GINGER KOMBUCHA, HIBISCUS ROSE",French Beverages Import,438,240,1051.2
"MACARONI & CHEESE WITH OUR SIGNATURE BARBECUE SAUCE, GRILLED WHITE MEAT CHICKEN AND BACON, BBQ CHICKEN & BACON MAC & CHEESE","Keystone Bar & Grill Foods, LLC",215,340,731
"ORANGE CHICKEN CRISPY BREADED CHICKEN BREAST MEAT IN A ZESTY ORANGE SAUCE WITH FRIED RICE, ORANGE CHICKEN","Wal-Mart Stores, Inc.",157,369,579.3
"Beans, pinto, mature seeds, raw (Includes foods for USDA's Food Distribution Program)",,347,193,669.7
"Stark Raving, Gluten-free Pizza, Uncured Pepperoni",Stark Raving Foods Llc,349,152,530.5
Korean BBQ Beef Wrap,,510,100,510
Cookie Dough,Muddy Bears,406,128,519.7
Bacon Cheese Fries,Shake Shack,525,160,840
"SPICY SMOKED CHICKEN PEPPER JACK CHEESE & SRIRACHA AIOLI ON CHIPOTLE BRIOCHE BREAD SANDWICH, SPICY SMOKED CHICKEN",Target Stores,327,156,510.1
McFlurry with OREO Cookies,McDonald's,156.92,325,510
IMPORTED WOOD-FIRED ITALIAN CRUST,Trans Digital Corporation,319,163,520
"CHOCOLATE PISTACHIO CAKE, CHOCOLATE PISTACHIO","Nuflours, Inc.",476,185,880.6
GLAZED HONEY BUN,"7-Eleven, Inc.",408,142,579.4
Chicken Salad White Wedge,Straw's Market Fresh,257,206,529.4
Cheerios Whole Grain Oats Gluten Free Breakfast Cereal,GENERAL MILLS SALES INC.,359,162,581.6
Meatball Sandwich,,239.83,236,566
"Mozzarella Sticks, 8-piece",Sonic Drive-In,441.18,170,750
CAPPUCCINO BROWNIE,Cumberland Farms Dairy Inc,373,142,529.7
Madghout with Lamb,,171.43,350,600
YELLOW QUINOA,AMERICAN,368,170,625.6
MASHED SWEET POTATOES,"B. Robert's Foods, Inc.",411,151,620.6
Cheese Curds Grilled Cheese,,328.13,320,1050
"Fast foods, bagel, with egg, sausage patty, cheese, and condiments",,295,219,646
"GREEK STYLE SALMON SALMON WITH ORZO PASTA, YELLOW SQUASH, ZUCCHINI, TOMATOES, OLIVES & FETA CHEESE, GREEK STYLE SALMON",H E Butt Grocery Company,179,312,558.5
"MARSHMALLOW CRISPY BAR SOFT ICE CREAM; RICE CRISP AND PEANUT BUTTER SWIRLS; CHOCOLATY RICE CRISP; CHOCOLATY MARSHMALLOW BUNNIES, MARSHMALLOW CRISPY BAR","Wells Enterprises, Inc.",354,161,569.9
"CHEESY CHICKEN & BACON POT PIE, CHEESY CHICKEN & BACON",Marie Callender's Retail Foods,255,200,510
Milkshakes,,263.39,224,590
Bakery Fresh Poppyseed Muffins,Kroger,430,128,550.4
Banosh,,226,250,565
Chocolate Lasagna,Olive Garden,490,200,980
Pot Pie,Tofurky,229,227,519.8
Margoog,,125,400,500
VEGETABLE POT PIE,"Harry's Farmers Market, Ltd.",274,212,580.9
JUMBO CHOCOLATE CHUNK COOKIE,TARGET,478,113,540.1
Madrouba with Lamb,,165.71,350,580
Salad,Current's Tackle,144,411,591.8
Miso Ramen with Pork,,140,500,700
HOMESTYLE MACARONI & CHEESE,Papa John's Salads & Produce,300,190,570
Tex Mex Eggrolls,The Cheesecake Factory,232.5,400,930
"MAYA GOURMET, BAKLAVA, DARK CHOCOLATE, DARK CHOCOLATE",MAYA GOURMET LLC,473,112,529.8
Mega Muffin,Hostess,359,156,560
"Sausage, Egg and Cheese Bagel",Cumberland Farms,263,198,520.7
"Plain Unsweetened Greek Syle Yogurt, 16 oz",Kite Hill,360,170,612
"CHEESE AND PEPPERONI SNACK TRAY, CHEESE AND PEPPERONI","Taylor Fresh Foods, Inc.",408,152,620.2
"STARK RAVING, GLUTEN-FREE PIZZA, UNCURED PEPPERONI, UNCURED PEPPERONI",New Planet Beer Company,349,152,530.5
"GIANDUJA HAZELNUT MILK CHOCOLATE, HAZELNUT",CAFFAREL TORINO,579,100,579
"PHILLY CHEESE STEAK MAC & CHEESE THINLY SLICED BEEF WITH RED & GREEN PEPPERS, ONION, MUSHROOMS AND PASTA IN A CHEESY SAUCE, PHILLY CHEESE STEAK MAC & CHEESE",Nestle Usa-Frozen Food Division,139,396,550.4
Roast Beef Gyro,Arby's,197.8,273,540
"BANANA BREAD WITH NUTS, BANANA WITH NUTS",Zoe Chemical Co. Inc.,361,148,534.3
"PECAN PIE RICH, BUTTERY FILLING TOPPED WITH CRUNCHY PECANS NESTLED IN A FLAKY PIE CRUST, PECAN","Meijer, Inc.",459,109,500.3
"Fuze Iced Tea Honey & Ginseng Green Tea Bottle, 1 Liter",The Coca-Cola Company,200,360,720
"Fast foods, crispy chicken, bacon, and tomato club sandwich, with cheese, lettuce, and mayonnaise",,257,271,696.5
"NEW YORK STYLE AND STRAWBERRY SWIRL CHEESECAKE, NEW YORK STYLE AND STRAWBERRY SWIRL","Supervalu, Inc.",318,170,540.6
"CAKE PARFAIT CUP - STRAWBERRY SHORTCAKE, STRAWBERRY","Meijer, Inc.",275,204,561
"Double cheeseburger, on white bun, 2 large patties",,299,330,986.7
"LEMON CHICKEN WITH PENNE ALFREDO AND PEAS, LEMON CHICKEN",Relish Labs LLC,158,418,660.4
CHICKEN CAESAR SALAD,Fish House Foods Company,178,298,530.4
New York Style Cheesecake,Great Value,345,226,779.7
"Buffalo Chicken Cheese Steak (Hot Sub #44), Tub",Jersey Mike's Subs,196.43,280,550
"CARROT CAKE MINI DONUTS, CARROT","Hostess Brands, LLC",433,120,519.6
Steakburger With Bbq Pu;;ed Pork Sandwich,Great Value,252,238,599.8
PEPIT A PESTO WRAP,MARGEAUX & LINDA'S VEGAN KITCHEN,250,260,650
ORGANIC & RAW KOMBUCHA GOLDEN SAGE,MILLENNIUM PRODUCTS,375,240,900
Mozzarella Sticks,,330.61,245,810
Chicken Caesar Salad,Renaissance Food Group,188,298,560.2
"Bone-In Chicken Wings, Plain, 14-piece",Domino's Pizza,203.49,430,875
"COOKIES & CREAM MOCHI PREMIUM ICE CREAM WRAPPED IN SWEET, PILLOWY DOUGH, COOKIES & CREAM",The Mochi Ice Cream Company,248,258,639.8
SONOMA CHICKEN SALAD SNACK BREAK,"RT Wholesale, LLC.",248,230,570.4
Green Chile Macaroni & Cheese,Papa John's Salads & Produce,259,340,880.6
Hummus Veggie Wrap,Tropical Smoothie Cafe,237.14,350,830
Three Cheese Hamburger Helper,GENERAL MILLS SALES INC.,352,194,682.9
Fried Chicken & Biscuit,Boston Market,174,293,509.8
"THAI HERITAGE, BASIL, CHILLI & GARLIC FRIED NOODLES",THAI HERITAGE,302,170,513.4
"BAKER'S BASKET, CHOCOLATE WHOOPIE PIE, VANILLA FILLING","Weis Markets, Inc.",487,113,550.3
GOURMET MAC & CHEESE,Smart & Final Iris Corporation,313,227,710.5
"Cooked Perfect, Meatball Bistro, Mac & Cheese",Cooked Perfect,176,312,549.1
Totino's Cheese Pizza Rolls 15 Count,GENERAL MILLS SALES INC.,258,212,547
Raw Variety Pack Wr,Gemji,172,383,658.8
Fully Cooked Prok Belly's Full Cut 1/3 Portions MBG#409,Seaboard Foods LLC,473,112,529.8
"MULTIGRAIN MINIS CRACKERS, MULTIGRAIN",Keebler Company,2133,30,639.9
Garlic Parmesan Boneless Strips,P.f. Chang's,149,377,561.7
Radix Nutrition Ultra Free-Range Indian Chicken Curry 151g,RADIX NUTRITION LIMITED,246,326,802
"Decadent Brownies, Caramel Ganache",Kroger,407,123,500.6
CLASSIC ITALIAN STYLE PREMIUM SANDWICHES,"Taylor Fresh Foods, Inc.",241,220,530.2
"ROASTED SALTED MIXED NUTS, ROASTED SALTED","John B. Sanfilippo & Son, Inc.",606,100,606
Roadhouse Beef Meatloaf Carver's Cuts Smothered in Our Sweet & Smoky Bbq Sauce With a Side of Herb-seasoned Red Potatoes,Boston Market,184,283,520.7
"Caesar Salad, Entrée",TGI Fridays,177.62,411,730
"Carved Chicken Club With Bacon & Ranch Dressing Sandwich, Carved Chicken Club",Good & Gather,274,208,569.9
DOUBLE DELIGHT PIE,"Meijer, Inc.",373,161,600.5
"KONARED, HAWAIIAN COFFEEBERRY, ORGANIC GREEN TEA",KonaRed,286,315,900.9
Bakery Fresh Goodness Blueberry Muffins,Kroger,406,128,519.7
"THREE MEAT & CHEESE HAM, SALAMI, PEPPERONI & CHEESE ROLLED IN A GOLDEN CRUST STROMBOLI, THREE MEAT & CHEESE",Depalos Bakery Inc,253,198,500.9
"HONEY MUSTARD WHITE CHICKEN WRAP, HONEY MUSTARD WHITE CHICKEN",Dandee Foods,327,284,928.7
Paris-Brest,,366.67,150,550
Creamy Broccoli Cheddar Kettle-cooked Soup,Giant Eagle,132,454,599.3
Grande Mac and Cheese,Michelina's,144,397,571.7
"RED VELVET CAKE SQUARE, RED VELVET",Coborn's Incorporated,373,201,749.7
ORGANIC DURUM WHEAT SEMOLINA PASTA WITH ORGANIC HEMP FLOUR,"Kendo Holdings, Inc.",414,140,579.6
"180 FLUTED SHELL ROUND SWEET 2.5""",,528,100,528
CINNAMON ROLL MUG MIX,"Maud Borup, Inc.",366,142,519.7
"MONSTER COOKIE TONS OF TOPPINGS BURIED IN SOFT ICE CREAM, MONSTER COOKIE","Wells Enterprises, Inc.",341,182,620.6
"Marie Callender's Turkey Pot Pie, 10 Ounce (Pack of 4), 40 OZ",Conagra Brands,205,283,580.1
"Fast foods, submarine sandwich, turkey, roast beef and ham on white bread with lettuce and tomato",,146,413,603
"CHICKEN PESTO FLATBREAD WITH CHERRY TOMATOES, ARUGULA, AND PINE NUTS MEAL KIT, CHICKEN PESTO FLATBREAD",GREAT TO GO,191,429,819.4
"Mint Chocolate Shake, Regular",Arby's,156.81,389,610
Garlic Butter Bacon Cheeseburger,Sonic Drive-In,368,250,920
"Max Cheesy Bold Flavor Santa Fe Style Beef & Monterey Jack Cheese Green Chili Burrito, Santa Fe Style Beef & Monterey Jack Cheese Green Chili",Tina's,291,227,660.6
Lamb Shawarma,,250.21,235,588
"WATER BEVERAGE WITH ELECTROLYTES, HINT OF BLACKBERRY",The Quaker Oats Co./gatorade-Van Camp,175,600,1050
"JUMBO CHEESE STUFFED SHELLS CONCH-SHAPED PASTA FILLED WITH RICOTTA CHEESE, JUMBO CHEESE STUFFED",BJ's Wholesale Club / Corporate Brands,327,156,510.1
"Teff, uncooked",,367,193,708.3
World-Famous Pancake Combo,IHOP,163.64,550,900
Loaded Potato Wedges,,266.39,244,650
"Royal Reese's Fluffernutter Blizzard, Small",Dairy Queen,220.59,340,750
"Margarine, light",,346,224,775
"MINT CHOCOLATE CHUNK MINT FROZEN DAIRY DESSERT, FUDGE SWIRL, DARK CHOCOLATE CHUNKS, CHOCOLATY FUDGE BUNNIES, MINT CHOCOLATE CHUNK","Wells Enterprises, Inc.",292,178,519.8
"NOODLES, SPAGHETTI & MARINARA","Dierberg's Markets, Inc.",143,432.3,618.2
Reuben on Rye Bread,Nice!,224,268.2,600.8
"Fries, Little",Five Guys,231.72,227,526
Jocon de Pollo,,345.71,175,605
Cake by the Slice,Marketside,342,190,649.8
"KROGER, SAUSAGE & PANCAKE, BLUEBERRY",The Kroger Co.,355,141,500.6
"Seeds, sunflower seed kernels, oil roasted, with salt added",,592,135,799.2
"Asian Sesame Salad with Chicken, Whole",Panera Bread,205.52,326,670
IMPORTED WOOD-FIRED ITALIAN CRUST,MIA PRESCA PIZZA,319,163,520
MARGARITE FLATBREAD,Slim Soul Inc.,204,269,548.8
Cali Club Sandwich,Denny's,209.41,425,890
MULTI-GRAIN CHICKEN BITES,"Simmons Foods, Inc.",667,84,560.3
Sesame chicken,,293,252,738.4
WHOLE HAZELNUT IN MILK CHOCOLATE AND NUT CROQUANTE,"Diversion Technologies, Inc.",603,100,603
"Double hamburger, on wheat bun, 2 small patties",,285,180,513
SPICY NOODLE,Pulmuone U.S.A. Inc.,262,195,510.9
Southwest Omelet Wrap with Sausage,Tropical Smoothie Cafe,221.88,320,710
"CHOCOLATE COVERED FRUITCAKE PETITES, CHOCOLATE","Collin Street Bakery, Inc.",477,111,529.5
Fried Rice with Beef,,195.56,450,880
Fondue Bourguignonne,,134,400,536
Taco Salad,,211.67,600,1270
"FRIED WHITE MEAT CHICKEN STRIP SHAPED PATTIES WITH HONEY BOURBON SAUCE, MASHED POTATOES AND CORN, HONEY BOURBON CHICKEN",Pinnacle Foods Group LLC,162,371,601
Fried Haddock,,254.46,224,570
"SONU, ORGANIC WATER WITH ELECTROLYTE & VITAMINS, STRAWBERRY & KIWI, STRAWBERRY & KIWI","Georgia Peach Products, Inc.",562,240,1348.8
HAND MADE GREEN JUMBO BURRITO,Reynaldo's Mexican Food Manufacturer Inc.,194,283,549
MUFFIN MIX,Pelican Bay Ltd.,496,113,560.5
French Onion Soup,TGI Fridays,258.33,240,620
Classic Philly Cheesesteak,,132.23,605,800
"Potatoes, mashed, dehydrated, granules without milk, dry form",,372,200,744
Naturals Penne Pasta With Italian Seasoned Crumbled Pork,Tastefully Plated,210,291,611.1
SHIPWRECK KELLY SANDWICH,Josam Acquisitions LLC,218,312,680.2
Sourdough Jack,Jack in the Box,308.37,227,700
"CHEESE MOZZARELLA, PARMESAN, AND ROMANO CHEESES, BASIL, AND OREGANO CLASSIC THIN CRUST PIZZA, CHEESE",Palermo Villa Inc.,248,218,540.6
BUTTER ALMOND FEUILLETE,Banketbakkerij van Strien B.V.,590,100,590
Blue or roquefort cheese dressing,,484,245,1185.8
"Fries, Regular",Five Guys,231.87,411,953
Bife à Portuguesa,,277.83,221,614
Cheese Sticks,Meijer,311,190,590.9
"TURKEY AND CHEESE SUB ON WHEAT BUN, TURKEY AND CHEESE","Meijer, Inc.",228,312,711.4
"SPICY CHICKEN AND CHEESE, SPICY",Speedway LLC,235,230,540.5
QuesaBirria Burrito,Qdoba,172.23,569,980
"BEEF BITES, CHEDDAR & MONTEREY JACK CHEESE","Renaissance Food Group, LLC",394,170,669.8
Vegetarian stroganoff,,167,466,778.2
CHICKEN FETTUCCINI ALFREDO,Nestle Usa-Frozen Food Division,182,297,540.5
FRUIT & CHEESE TRAY,"RT Wholesale, LLC.",310,184,570.4
"SHAW'S MARKETFRESH, SUGAR COOKIE",SHAW'S MARKETFRESH,520,100,520
Just Bacon Burger,Chili's Grill & Bar,276.32,380,1050
"UNSWEETENED ALMONDMILK, UNSWEETENED",FIRST STREET,500,240,1200
"Nuts, almonds, blanched",,590,145,855.5
BURSTIN' BUFFALO STYLE CHICKEN,HUNGRY-MAN,239,255,609.5
"ORIENTAL STYLE NOODLE WITH SOUP BASE, ORIENTAL STYLE","CHOUNGSOO FOOD CO.,LTD",308,180,554.4
Radix Nutrition Ultra Grass-Fed Turkish Lamb 139g,RADIX NUTRITION LIMITED,254,314,797.6
"CHICKEN POT PIE MEAT FILLING AND CRUST, CHICKEN","Taylor Fresh Foods, Inc.",217,254,551.2
"ORGANIC & RAW KOMBUCHA, MULTI-GREEN",MILLENNIUM PRODUCTS,438,240,1051.2
"Omg...it's Gluten Free, Spinach Lasagna",Omg...It's Gluten Free,168,340,571.2
Spinach-Artichoke Dip,Olive Garden,371.79,312,1160
"PROSCIUTTO RATATOUILLE RISOTTO WITH PARMESAN AND SUN-DRIED TOMATOES MEAL KITS, PROSCIUTTO RATATOUILLE RISOTTO",Relish Labs LLC,149,390,581.1
"ICED JUMBO HONEY BUN, HONEY","Hostess Brands, LLC",422,135,569.7
Lattini Sunflower Milk Original - 32oz,Lattini,80,946,756.8
"PEPPERONI PIZZA ROLL-UPS + MARINARA SAUCE MOZZARELLA CHEESE & PEPPERONI SLICES ROLLED IN A FLOUR TORTILLA WITH MARINARA SAUCE, PEPPERONI PIZZA ROLL-UPS + MARINARA SAUCE",Rich Products Corporation,304,194,589.8
"Marie Callenders Peanut Butter Cream Pie, 28 Oz",Marie Callender's,470,132,620.4
"MATCHA GINGER 20MG HEMP CBD FOCUS WELLNESS SHOT, MATCHA GINGER","Navitas, LLC",1200,75,900
"CHICKEN BREAST WITH RED WINE BORDELAISE AND PARMESAN COTTAGE FRIES WITH ROASTED ASPARAGUS MEAL KITS, CHICKEN BREAST WITH RED WINE BORDELAISE",Relish Labs LLC,113,467,527.7
"DINNER SAUCE, CHICKEN","Aqualink Nevada, LLC",528,112,591.4
"SUPREMUS MAXIMUS SUPREME PEPPERONI & ITALIAN SAUSAGE, PIZZA SAUCE & BLACK OLIVES, GREEN & RED PEPPERS, ONIONS, MOZZARELLA & PROVOLONE CHEESES WRAPPED IN AN ARTISAN DOUGH STROMBOLI, SUPREMUS MAXIMUS SUPREME",SCREAMIN' SICILIAN PIZZA CO.,305,262,799.1
"CHICORY ORGANIC HERBAL TEA, DANDELION COCONUT",TEECCINO,238,240,571.2
"BACON, EGG, CHEESE BISCUIT, BACON, EGG, CHEESE","Sun Company, Inc. (R&M)",294,170.1,500.1
Scary Face Pancake,IHOP,300,200,600
AUTHENTIC SMITH ISLAND CAKE,SMITHISLAND CAKE COMPANY,431,130,560.3
"Bistro Everything Bagel With Egg, Sausage, Cheddar Cheese and Bacon",7 Select,338,201,679.4
Grilled Shrimp on the Barbie Appetizer,Outback Steakhouse,329.41,170,560
HERRING FILLETS IN OIL LIGHTLY SMOKED,"Transnational Foods, Inc.",353,170,600.1
"CHEESEBURGER, BACON",AdvancePierre Foods Inc.,291,179,520.9
French Dip Sandwich,,220,250,550
"ICED JUMBO HONEY FLAVORED BUN WITH VANILLA ICING, HONEY, VANILLA","Hostess Brands, LLC",415,135,560.3
Garlic Chicken + Veggie Pita,Cava,282.14,280,790
"ORGANIC UNFILTERED SPARKLING PROBIOTIC DRINK WITH PEAR GINGER, PEAR GINGER",MILLENNIUM PRODUCTS,312,480,1497.6
DOUBLE CHOCOLATE CAKE,Yumbana LLC,348,198,689
Chicken Al Pastor Quesadilla,Chipotle Mexican Grill,255.56,450,1150
Fiesta Lime Chicken,Applebee's,260,450,1170
"Reishi Chocolate With Coconut Milk, 12 fl oz",Rebbl,180,355,639
Beef and Guinness Pie,,193.33,300,580
Classic Blue Cheese Wedge Side Salad,Outback Steakhouse,265,200,530
"PEPPERONI DIPPING STRIPS PIZZA, PEPPERONI",Nestle USA Inc.,253,277,700.8
Totino's Sausage Party Pizza,GENERAL MILLS SALES INC.,228,306,697.7
"Mediterranean Veggie Sandwich, Whole",Panera Bread,201.92,312,630
Flax seeds,,545,168,915.6
"P.F. Chang's Home Menu Meals for 2, Honey Chicken Skillet Meal, 22 Oz, 22 OZ",Conagra Brands,179,312,558.5
"SmokeShack, Triple",Shake Shack,236.96,460,1090
Reese's Puffs Peanut Butter and Chocolate Whole Grain Breakfast Cereal,GENERAL MILLS SALES INC.,430,162,696.6
"GUYLIAN, HAZELNUT PRALINE FILLED CHOCOLATE HEARTS",GUYLIAN,550,100,550
Turkey & Bacon Cobb Wrap,Kroger,248,383,949.8
Black Angus Pub Style Beef,Great Value,260,227,590.2
Cavatappi Pasta Salad,Pics,411,124,509.6
"FRESH GUAVA PREMIUM ICE CREAM IN SWEET RICE DOUGH, FRESH GUAVA",The Mochi Ice Cream Company,236,258,608.9
HOMESTYLE MEATLOAF,GROCERY DELIVERY E-SERVICES USA INC.,114,484,551.8
Potatoes Stroganoff Hamburger Helper,GENERAL MILLS SALES INC.,355,214,759.7
SPAGHETTI AND MEATBALLS,NOT A BRANDED ITEM,214,397,849.6
Haupia,,274,213,583.6
"CHICKEN PARMESAN FULLY COOKED BREADED WHITE CHICKEN MEAT, COOKED PASTA, MARINARA SAUCE AND MOZZARELLA CHEESE, CHICKEN PARMESAN","Wal-Mart Stores, Inc.",155,355,550.3
SuperSONIC Double Cheeseburger,Sonic Drive-In,356.67,300,1070
"Nuts, walnuts, english",,654,117,765.2
Shawarma Plate,,250,400,1000
"Sausage, Egg and Cheese Biscuit",Waffle House,300,190,570
BBQ Ribs Platter,,300,300,900
HANDCRAFTED EVERROAST CHICKEN & MONTEREY JACK CHEESE SANDWICH,"Renaissance Food Group, LLC",191,283,540.5
SPAGHETTI AND MEATBALLS,"B. Robert's Foods, Inc.",214,397,849.6
Traditional Crust Pizza,Digiorno,278,263,731.1
Classic Italian Style Pizza,Nice!,267,262,699.5
CHICKEN SALAD ON CROISSANT,"Ukrop's Homestyle Foods, LLC",321,187,600.3
"16"""" Pizzeria Style Pizza Topped  with Mozzarella Cheese, Tomato Sauce, and Pepperoni",Nardone Brothers Baking Co.  Inc.,372,144.1,536.1
"White Chocolate Macadamia Nut Gourmet Cookies, White Chocolate Macadamia Nut",Harris Teeter,460,113,519.8
Corned Beef and Cabbage,,155,400,620
"ALL VEGGIE ROLL PLATTER WR, ALL VEGGIE","Genji, Inc.",150,717,1075.5
SIX CHEESE CLASSIC ITALIAN STYLE PIZZA,Walgreens Co.,256,262,670.7
"TERRY'S, CHOCOLATE MINIS, CHOCOLATE ORANGE",TERRY'S,525,100,525
Multi Grain Cheerios Crl 2 Pk,GENERAL MILLS SALES INC.,385,162,623.7
"BACON TOPPED MEATLOAF WITH SPICY KETCHUP, BACON TOPPED MEATLOAF",Kraft Heinz Foods Company,180,283,509.4
"AKESSON'S, SINGLE PLANTATION CHOCOLATE",David Hayes Inc.,570,100,570
"Hungry-man, Classic Fried Chicken, Mesquite",Hungry-Man,192,422,810.2
TENDER WHITE MEAT CHICKEN POT PIE,Marie Callender's Retail Foods,212,283,600
"SPICY TUNA POKE BOWL, SPICY TUNA",Sushi With Gusto,179,431,771.5
TURKEY PINWHEELS,"Taylor Fresh Foods, Inc.",200,255,510
12 oz New York Strip Steak,TGI Fridays,285.29,340,970
MEAL BOWL PESTO TORTELLINI,"FRESH & EASY, LLC",212,255,540.6
Pastie,Bader Publishing,212,340,720.8
Arroz Chaufa de Mariscos,,148.65,370,550
RAW FIZZY PROBIOTIC TEA,"Holy Kombucha, Inc.",250,240,600
"B.L.T., Footlong",Subway,164.44,450,740
Roast Turkey Dinner,,117.65,680,800
MEALS KITS JAPANESE-INSPIRED BEEF BOWL,The Kroger Co.,114,516,588.2
Fried Rice,Ling Ling,170,312,530.4
Boneless Fried Chicken & Waffles,Hungry-Man,177,453,801.8
"DAYSTAR DESSERTS, CANNOLI CAKE","Dianne's Fine Desserts, Inc.",416,125,520
"FRUIT KAKE OLD-FASHIONED PRE-SLICED CAKE, FRUIT KAKE",Tasty Baking Company,408,130,530.4
"72 ROUND TART SWEET 4""",,528,100,528
Crispy Chicken Sandwich,Chili's Grill & Bar,240,350,840
"UNSWEETENED VANILLA FLAVORED ALMONDMILK, UNSWEETENED VANILLA",H E Butt Grocery Company,438,240,1051.2
Four Cheese Lasagna Hamb Help,GENERAL MILLS SALES INC.,353,208,734.2
Caesar Chicken Salad,Archer Farms,177,283,500.9
Jollof Rice with Beef,,135.5,400,542
"PEANUT BUTTER CHOCOLATE BROWNIE, PEANUT BUTTER CHOCOLATE",The Kroger Co.,468,141,659.9
Sausage Egg and Cheese Biscuit,Tim Hortons,277.49,191,530
CREME BRULEE DESSERT,"Schnuck Markets, Inc.",363,150,544.5
Chilate con Nuegados,,145.42,480,698
Kabsa with Fish,,162.5,400,650
"Hash Browns, Large",Burger King,372.22,180,670
Cheeseburger Macaroni Hamburger Helper Twin Pack,GENERAL MILLS SALES INC.,350,177,619.5
"Cold Cut Combo®, Footlong",Subway,142.22,450,640
"TURKEY & CHEDDAR SLIDERS, TURKEY & CHEDDAR","Publix Super Markets, Inc.",258,198,510.8
5 Round Whole Wheat Cheese Pizza,Nardone Brothers Baking Co.,354,154.5,546.9
CRISPY CORNMEAL CRUST SINGLES MUSHROOM & OLIVE PIZZA,"Table5, Inc.",263,198,520.7
JALAPENO CHEDDAR TURKEY SANDWICH,"Udi, The Sandwichman, Inc.",298,198,590
Crunchy Taco Hamburger Helper,GENERAL MILLS SALES INC.,372,264,982.1
Kimchi Fries,,230,400,920
"Whole Wheat Self-Rising Buffalo Style Chicken Pizza Topped with Buffalo Sauce, Mozzarella Cheese, and Chicken",Nardone Brothers Baking Co.  Inc.,448,180,806.4
KOREAN-INSPIREDMEATBALLS WITH JASMINE RICE,"Publix Super Markets, Inc.",251,283,710.3
OPUS LUXURY ASSORTMENT CHOCOLATES,GUYLIAN,553,100,553
Authentic Italian Lasagna,Kroger,201,249,500.5
"MOZZARELLA CHEESE COATED IN A SEASONED BREADING GRAB AND GO CHEESE STICKS, MOZZARELLA CHEESE COATED IN A SEASONED BREADING","Meijer, Inc.",311,190,590.9
"SPRING ROLL COMBO, SPRING ROLL",Gavin & Bailey Consulting Firm LLC,135,539,727.6
Hamburger Helper Deluxe Beef Stroganoff Pasta Meal,GENERAL MILLS SALES INC.,356,201,715.6
TUNA PASTA,"Udi, The Sandwichman, Inc.",126,452,569.5
Lucky Charms Gluten Free Breakfast Cereal With Unicorn Marshmallows,GENERAL MILLS SALES INC.,390,159,620.1
Cheese N Eggs with Raisin Toast,Waffle House,239.29,280,670
Popcorn Fried Chicken,Publix,337,175,589.8
Spicy Red Hot Bean & Cheese Chimichanga,El Monterey,225,227,510.8
Pepperoni & Cheddar Cheese,Renaissance Food Group,424,170,720.8
"LADY BUG CAKES, VANILLA","Wal-Mart Stores, Inc.",451,113,509.6
Quarter Pound King,Burger King,252.17,230,580
"Applebee’s Riblets, Platter",Applebee's,233.33,600,1400
Carnitas Big Burrito,Evol,195,298,581.1
"TURTLE PIE CHOCOLATE COOKIE CRUMB CRUST, TURTLE PIE","Conagra Brands, Inc.",432,139,600.5
Our Deli Turkey Gobbler Sandwich,Lunds & Byerlys,196,280,548.8
"CLASSIC RECIPE BUFFALO STYLE CHICKEN MAC & CHEESE CHICKEN BREAST OVER CAVATAPPI PASTA IN BUFFALO STYLE CHEESE SAUCE WITH BLUE CHEESE CRUMBLES, CLASSIC RECIPE BUFFALO STYLE CHICKEN MAC & CHEESE",H E Butt Grocery Company,200,340,680
GOURMET POORBOY SUB SANDWICH,"Schnuck Markets, Inc.",168,595,999.6
Margherita Rice Crust Pizza,Amy's,287,181,519.5
"Napa Almond Chicken Salad Sandwich, Whole",Panera Bread,188.24,340,640
"Portabella Cheese Steak (Hot Sub #66), Giant",Jersey Mike's Subs,198.65,740,1470
Meatlovers Cauliflower Pizza Bowl,Nestlé,174,311,541.1
Jack’s Spicy Chicken with Cheese,Jack in the Box,310.2,245,760
"ROMAINE LETTUCE, TURKEY BREAST, EGGS, TOMATOES, CHEESE, AND SERVED WITH RANCH DRESSING, CHEF SALAD",Target Stores,149,397,591.5
Alcatra,,250,238,595
"FOUR CHEESE FOR ONE TRADITIONAL CRUST PIZZA, FOUR CHEESE",Nestle USA Inc.,262,260,681.2
CAESAR PASTA SALAD WITH WHITE MEAT CHICKEN,"Taylor Fresh Foods, Inc.",235,255,599.3
"YERBA MATE GINGER KOMBUCHA, YERBA MATE GINGER",Revive Brands,375,240,900
GRILLED STEAK LARGE BURRITOS,Ruiz Food Products Inc,229,284,650.4
"Breakfast Crunchwrap, California",Taco Bell,266.67,240,640
"Nuts, hickorynuts, dried",,657,120,788.4
Tacos,Chipotle Mexican Grill,206.67,300,620
"HAND MADE SOY CHORIZO, BEAN & POTATO BURRITO, SOY CHORIZO & BEAN",Reynaldo's Mexican Food Manufacturer Inc.,191,283,540.5
Sausage & Uncured Pepperoni Classic Pizza,Home Run Inn,298,248,739
"RAVIOLI WITH BROWN BUTTER AND SAGE PASTA FILLED WITH MOZZARELLA, RICOTTA, MASCARPONE, & HARD GRATED CHEESES, BUTTER, AND SAGE, RAVIOLI WITH BROWN BUTTER AND SAGE","Safeway, Inc.",379,140,530.6
Radix Nutrition Ultra Breakfast Mixer Berry 162g,RADIX NUTRITION LIMITED,249,322,801.8
"Fisher, Honey Roasted Almonds",Fisher,573,100,573
Plate Ready Pasty,Rise Brewing Co.,236,250,590
Meatloaf With Mashed Potatoes and Carrots,Meijer,134,411,550.7
"SWEET MAPLE FLAVOR STUFFED WAFFLE, SWEET MAPLE","General Mills, Inc.",409,127,519.4
"Wheat, hard white",,342,192,656.6
"BEACH BASH TART & TANGY SEED & FRUIT MIX, BEACH BASH","Enjoy Life Natural Brands, LLC",2093,28,586
DARK CHOCOLATE,WAWEL,511,100,511
"CARROT CAKE CHEESECAKE, CARROT CAKE","Wal-Mart Stores, Inc.",322,227,730.9
"COOKIES N CREAM GOOEY, COOKIES N CREAM",Haydel's Enterprises Inc,408,142,579.4
Roast Beef Pinwheels,Schwartz Brothers Bakery,216,255,550.8
Bbq Chicken Salad Sandwich,Denver,248,234,580.3
"Whole Foods Market, Black Bean and Cheese Burrito",Whole Foods Market,203,340,690.2
CHOCOLATE SOUFFLE,RODOULA,394,150,591
Pork Skin On Belly 10/12 MBG#408,Seaboard Foods LLC,518,112,580.2
"FRENCH TOAST BAKE WITH SWEET SYRUP GLAZE, PECANS AND A TOUCH OF CINNAMON, FRENCH TOAST BAKE",Nestle Usa-Frozen Food Division,224,255,571.2
NASHVILLE HOT CHICKEN RECIPE,Conagra Frozen Foods,139,368,511.5
Duck Breast with Berry Sauce,,201.51,397,800
Soft Shell Crab Po' Boy,,226.95,282,640
"Roasted Garlic Parmesan Wings, 6-piece",Popeyes Louisiana Kitchen,495.24,210,1040
"BEEF ENCHILADAS SMOTHERED IN CHILI SAUCE AND CHEESE WITH MEXICAN STYLE RICE AND AUTHENTIC REFRIED BEANS - INCLUDES COCADA (COCONUT FLAVORED) PUDDING, MEXICAN STYLE FIESTA",Campbell Soup Company,116,482,559.1
SEASONED & SMOKED CENTER CUT BEEF RIBS WITH ORIGINAL BBQ SAUCE,Lloyd's Barbeque Company,294,214,629.2
Peka,,158,400,632
Tamale & 2pc Leg & Thigh Bowl,El Pollo Loco,200,460,920
Cas Frm Orgnc Raisin Bran Crl,GENERAL MILLS SALES INC.,367,186,682.6
Grilled Fajita Vegan Bowl,Qdoba,109.96,482,530
"LYCHEE PIECES, LYCHEE","Ktm Services, Inc.",1250,40,500
"CREAMY PEPPER JACK PENNE STARTER KIT WITH BELL PEPPER & GRAPE TOMATOES, CREAMY PEPPER JACK PENNE WITH BELL PEPPER & GRAPE TOMATOES","Presto Chango Decor,inc.",173,497,859.8
Earth Bowl with Chicken,Just Salad,120,450,540
ALL AMERICAN BEAST SANDWICH,BP-Ampm,252,357,899.6
"GINGER LIME CAFFEINE FREE KOMBUCHA, GINGER LIME",Revive Brands,375,240,900
FILLED TURTLE CHEESECAKE,"Wal-Mart Stores, Inc.",354,164,580.6
SMOKY MAPLE PORK LOIN THE MEAL KIT,CHEF'D,137,422,578.1
Amish Style Macaroni Salad,Ahold,407,140,569.8
"HABANERO MONTEREY JACK CHEESE WITH HABANERO PEPPERS WISCONSIN CHEESE, HABANERO JACK",Saputo Cheese USA Inc.,2929,28,820.1
MAPLE WATER,DRINK SIMPLE,250,360,900
Pastrami Sub,,240,300,720
"Boneless Wings, 15 Piece",Wingstop,244.9,490,1200
"SWEETENED ICED GREEN TEA, ORIGINAL",Yamamoto Of Orient Inc.,625,240,1500
Chicken & Double-Smoked Bacon Sandwich,Starbucks,272.73,220,600
Corn Chex Gluten Free Breakfast Cereal,GENERAL MILLS SALES INC.,390,162,631.8
Cinnamon Toast Crunch Whole Grain Breakfast Cereal,GENERAL MILLS SALES INC.,410,164,672.4
"BEEFY MEATBALLS & SPAGHETTI BOWL, BEEF, SPAGHETTI","Dierberg's Markets, Inc.",141,412.8,582
CUPCAKE,FRESH & EASY BAKERY,422,128,540.2
Grilled Chicken Sandwich,Jack in the Box,176.68,283,500
"ROOT BEER SPARKLING PROBIOTIC TEA, ROOT BEER","LIVE Soda, LLC",292,360,1051.2
"PB MALLOW MANIA PEANUT BUTTER ICE CREAM; PEANUT BUTTER AND MARSHMALLOW SWIRLS; PEANUTS; CHOCOLATY PEANUT BUTTER AND MARSHMALLOW BUNNIES LOAD'D SUNDAES, PB MALLOW MANIA","Wells Enterprises, Inc.",322,180,579.6
Ziti,Taylor Farms,235,340,799
"LITTLE DEBBIE, CRUNCH MINI DONUTS",McKee Foods Corporation,398,128,509.4
Cinnamon Spice Fiber Thins,Meta Mucil,455,264,1201.2
WOK ST SHRIMP VEGGIE LO MEIN P,GENJI,141,416,586.6
"BEER CHEESE MAC WITH SLICED BRATWURST, BEER CHEESE",Nino's LLC,185,340,629
Deluxe McCrispy,McDonald's,220.83,240,530
"CAULIFLOWER MACARONI & CHEESE, CAULIFLOWER",Wakefern Food Corporation,148,454,671.9
"Tayto, Potato Chips, Salt & Vinegar",Martech Enterprises,522,100,522
Chicken Salad Sandwich,Raley's,286,199,569.1
Meaty Mostaccioli,Papa John's Salads & Produce,224,340,761.6
IMPORTED WOOD-FIRED ITALIAN CRUST PIZZA,MIA FRESCA,319,163,520
NITRO COLD BREW COFFEE,RISE BREWING CO.,643,210,1350.3
PASTA PRIMAVERA WITH MARINARA FAMILY MEAL,WHOLE FOODS MARKET,233,240,559.2
French Toast Sticks,Sonic Drive-In,445.31,128,570
Italian Style Salami & Ham Wrap,Hannaford,268,194,519.9
Son of Baconator,Wendy's,300,220,660
"16 Whole Wheat Self-Rising Four Cheese Pizza Topped with Robust Tomato Sauce, Mozzarella, White Cheddar, Romano, and Parmesan Cheese",Nardone Brothers Baking Co.  Inc.,477,195.1,930.6
Ghost Pepper Whopper,Burger King,282.76,290,820
"WOLF, CHILI, NO BEANS, WOLF, CHILI, NO BEANS","Conagra Brands, Inc.",164,311,510
Cheesy Italian Shells Hamburger Helper Twin Pack,GENERAL MILLS SALES INC.,350,180,630
"BAKED ZITI HEARTY ZITI PASTA IN A SEASONED CHUNKY TOMATO & BEEF SAUCE TOPPED WITH REAL MOZZARELLA CHEESE, BAKED ZITI",Nestle Usa-Frozen Food Division,115,453,521
"CARNE ADOVADA PORK & POTATO BURRITO, CARNE ADOVADA PORK & POTATO","Villalobos Mexican Food Distributors, LLC",279,226,630.5
SPICY RED HOT BEEF & BEAN BURRITO,EL MONTEREY,255,255,650.3
"KFC Chicken Sandwich, Spicy",KFC,295.24,210,620
Time Outs,Seapak,289,194,560.7
Liver Dumpling Soup,,286,250,715
"GNOCCHI BOLOGNESE TENDER POTATO GNOCCHI TOSSED IN A FLAVORFUL BOLOGNESE SAUCE MADE WITH TENDER GROUND BEEF & IMPORTED ITALIAN TOMATOES, TOPPED WITH PARMESAN CHEESE, GNOCCHI BOLOGNESE","Nowco International, Inc.",171,415,709.6
"COOKIES'N CREME FLAVORED TINY PIES, COOKIES'N CREME","Wal-Mart Stores, Inc.",460,113,519.8
HAND MADE BEEF & BEAN JUMBO BURRITO,REYNALDO'S,240,283,679.2
Rainbow Sushi Set,Gemji,159,352,559.7
AUTHENTIC ITALIAN LASAGNA,"Ukrop's Homestyle Foods, LLC",173,323,558.8
ELBOW MACARONI SALAD,"Big Y Foods, Inc.",393,140,550.2
The Bloomin’ Burger,Outback Steakhouse,670.59,170,1140
"BERTOLLI, ITALIAN SAUSAGE & RIGATONI CLASSIC MEAL","Mizkan America, Inc.",150,340,510
Tuscani Veggie Pasta,Pizza Hut,235.29,272,640
"Stickball Special (Cold Sub #11), Regular",Jersey Mike's Subs,216.25,400,865
Aluminum Cans,POLAR BEVERAGES,167,360,601.2
Egg and Cheese Biscuit,,326.53,196,640
"CORNED BEEF ON RYE SHAVED LEAN CORNED BEEF, SWISS CHEESE, AND THIN SLICED DILL PICKLES ON TWO SLICES OF DESI STYLE MARBLE RYE LIGHTLY SMEARED WITH A SAVORY BISTRO SAUCE SANDWICHES, CORNED BEEF ON RYE",Cumberland Farms Dairy Inc,274,288,789.1
"PIZZA, BESSIE'S REVENGE CHEESE",Palermo Villa Inc.,233,258,601.1
CHICKEN ALFREDO,"Taylor Fresh Foods, Inc.",139,397,551.8
"Pumpkin Smash Smoothie, Large",Jamba,61.59,828,510
"Beef Bites, Cheddar & Monterey Jack Cheese",Renaissance Food Group,394,170,669.8
Sesame Football Sticks,Bergin Nut Company,540,100,540
"PEPPERONI MADE WITH PORK, CHICKEN & BEEF TRADITIONAL CRUST PIZZA, PEPPERONI",Nestle USA Inc.,283,265,750
CHICKEN CAESAR WRAP,ARCHER FARMS,259,255,660.5
"CHICKEN CAESAR WRAP WITH WHITE-MEAT CHICKEN, PROVOLONE & PARMESAN CHEESE IN A GARDEN VEGETABLE TORTILLA",Target Stores,275,244,671
Bacon Cheeseburger Mac and Cheese,7 Select,238,332,790.2
"GT'S, SYNERGY, ORGANIC RAW KOMBUCHA, CLASSIC, SUPERFRUITS, SUPERFRUITS",MILLENNIUM PRODUCTS,438,240,1051.2
Chili Cheese Fries,,228,250,570
16Whole Wheat Self-Rising Four Cheese Turkey Pepperoni Pizza,Nardone Brothers Baking Co.  Inc.,355,154.5,548.5
Semi-Freddo,,300,238,714
Traditional Macaroni & Chesse,Papa John's Salads & Produce,284,190,539.6
Momma’s French Toast Breakfast,Cracker Barrel,178.33,600,1070
Oldtimer with Cheese,Chili's Grill & Bar,254.29,350,890
Aussie Fries,Outback Steakhouse,294.12,170,500
"PAPAYA + MANGO + PINEAPPLE INFUSED WATER, PAPAYA + MANGO + PINEAPPLE",Killer Brownie Distributing,125,480,600
Asam Pedas,,125,400,500
DOUBLE PEPPERONI THIN CRUST PIZZA,The Kroger Co.,311,167,519.4
Thai-style Chicken Fried Rice,Ling Ling,173,312,539.8
FRUIT & CHEESE SNACK BOX,Target Stores,401,142,569.4
MONTE CRISTO FRENCH TOASTED OLD FASHIONED WHITE,Triple 'B' Corporation,285,312,889.2
"MAPLE NITRO COLD BREW COFFEE, MAPLE",Kings Row Coffee LLC,240,225,540
Mofongo with Chicken,,257.11,450,1157
"BERTOLLI Italian Sausage Torta Pie, 60 OZ",Conagra Brands,251,283,710.3
Gumbo with Chicken and Sausage,,126,500,630
"Sausage, Egg & Cheese McGriddles",McDonald's,366.67,150,550
"SAM'S CHOICE, PERSONAL DOUBLE PEPPERONI PIZZA","Wal-Mart Stores, Inc.",285,235,669.8
"COLA KOMBUCHA SPARKLING PROBIOTIC TEA, COLA","LIVE Soda, LLC",292,360,1051.2
"NESTLE, SMARTIES, FESTIVE SHARING BLOCK CHOCOLATE",Discover Images Incorporated,530,100,530
Stuffed Ziti Fritta,Olive Garden,294.12,170,500
Mediterranean Bowl,Urban Remedy,173,312,539.8
"BONELESS FRIED TENDER WHITE CHICKEN PATTY AND HAM, RANCH SEASONED MASHED POTATOES, HONEY BOURBON SAUCE, CORN AND AN APPLE CRANBERRY DESSERT, BONELESS FRIED CHICKEN AND HAM",Pinnacle Foods Group LLC,148,454,671.9
"GINGER NETTLE, KOMBUCHA, GINGER NETTLE","Michtron, Inc.",375,240,900
Miso Glazed Salmon Plate,Sweetgreen,173.83,535,930
"KOMBUCHA, DREAMY ORANGE","Amplify Snack Brands, Inc.",500,240,1200
Cincinnati Chili Omelette,,157.14,350,550
Pecan Pie,Great Value,408,130,530.4
Fruit & Cheese Snack Box,Good & Gather,401,142,569.4
"OLD FASHIONED PECAN PIE, PECAN","Table Talk Pies, Inc.",400,125,500
"CHEESESTEAK WHOLE/PEPPERS, ONIONS CHICKEN & BISCUITS, CHEESESTEAK WHOLE/PEPPERS, ONIONS","Sun Company, Inc. (R&M)",372,311.9,1160.3
Tex-Mex Egg Rolls,,310,300,930
Texas Angus Patty Melt,Waffle House,272,250,680
Four Cheese Wood-fired Crust Pizza,Good & Gather,278,180,500.4
"Campbell's Slow Kettle Style Tomato & Sweet Basil Bisque, 15.5 oz. Tub",CAMPBELL SOUP COMPANY,114,440,501.6
Roasted Teriyaki Chicken Noodle Bowl With Edamame,Home Chef,119,470,559.3
Three Cheese Hamburger Helper Twin Pack,GENERAL MILLS SALES INC.,351,192,673.9
"Peanuts, valencia, oil-roasted, with salt",,589,144,848.2
Imported Wood-fired Italian Crust Pizza,Screamin' Sicilian Pizza Co.,319,163,520
"MUFFIN, CHOCOLATE CHOCOLATE CHIP",International Delights,385,130,500.5
"Rice, brown, medium-grain, raw (Includes foods for USDA's Food Distribution Program)",,362,190,687.8
"CHICKEN SIMMERED IN A CREAMY, INDIAN-SPICED TOMATO SAUCE AND SERVED OVER FLUFFY JASMINE RICE MEAL KIT",LOCAL CRATE,158,423,668.3
TURKEY AVOCADO CLUB SANDWICH,Target Stores,248,218,540.6
Tuna Helper Tetrazzini,GENERAL MILLS SALES INC.,356,231,822.4
Radix Nutrition Keto Plant-Based Indian Curry 108g,RADIX NUTRITION LIMITED,170,358,608.6
Chicken Fried Steak and Eggs,,296,500,1480
"Ghost Pepper Wings, 12-piece",Popeyes Louisiana Kitchen,323.81,420,1360
"Traditional Wings, Bone-In, Regular",TGI Fridays,207.35,340,705
Breakfast Quesadilla,Taco Bell,291.43,175,510
"BUTTERNUT SQUASH RAVIOLI BUTTERNUT SQUASH RAVIOLI WITH BROWN BUTTER SAGE SAUCE, BUTTERNUT SQUASH RAVIOLI","Wal-Mart Stores, Inc.",188,377,708.8
"UNSWEETENED ORIGINAL ALMONDMILK, UNSWEETENED ORIGINAL","Hy-Vee, Inc.",375,240,900
"SOUTHWEST STYLE CHICKEN WRAP WITH BUFFALO STYLE CHICKEN, PICO DE GALLO, BLACK BEANS, PEPPER JACK CHEESE AND CREAM CHEESE, SOUTHWEST STYLE","Renaissance Food Group, LLC",208,255,530.4
"ALMOND-MILK, UNSWEETENED ORIGINAL","The Fresh Market, Inc.",375,240,900
"Pepperoni, NFS",,504,251,1265
Kitsune Udon,,106,500,530
Pork Skinless Fatback MBG#410CPSO1,Seaboard Foods LLC,795,112,890.4
Black Tie Mousse Cake,Olive Garden,441.18,170,750
Triple Chocolate,Snow Days,425,127,539.8
"CHORIZO SKILLET CHORIZO WITH SEASONED POTATOES, BELL PEPPERS, AND ONIONS, CHORIZO SKILLET",Nestle USA Inc.,209,244,510
"COUNTRY FRIED BEEF STEAK FRITTER IN GRAVY, MASHED POTATOES, CORN AND AN APPLE DESSERT, COUNTRY FRIED STEAK",Pinnacle Foods Group LLC,117,454,531.2
"Cornmeal, degermed, enriched, white",,370,157,580.9
"BARCELONA VINAIGRETTE GRAIN BOWL, BARCELONA VINAIGRETTE",Rafael Padilla & Cia S. En C.,182,330,600.6
PIE,Mrs Redd's Pie Co,391,128,500.5
"INDIAN BUTTER CHICKEN WITH JASMINE RICE MEAL KIT, INDIAN BUTTER CHICKEN WITH JASMINE RICE",CIY Foods Inc,154,403,620.6
HAND MADE CALZONE CHEESESTEAK,"Clinical Creations, LLC",247,227,560.7
MUGHLAI KOFTA CURRY WITH PEAS PULAO,Peach Records Associates LLC,161,350,563.5
Caramel Apple Cobbler,,390,150,585
"Royal Reese's Fluffernutter Blizzard, Large",Dairy Queen,193.28,595,1150
Mantecadas Vanilla Muffins With Chcolate Chip,Bimbo,432,315,1360.8
"CRANBERRY, BLUEBERRY AND RASPBERRY FLAVORED JUICE BEVERAGE WITH 2 OTHER JUICES FROM CONCENTRATE, CRANBERRY, BLUEBERRY AND RASPBERRY","Ocean Spray Cranberries, Inc.",667,180,1200.6
"INCAGEN, QUINUA",Peruvian Import Company,368,170,625.6
"CARROT CAKE SINGLE, CARROT",Raley's,570,142,809.4
Mac and Cheese,Marketside,198,454,898.9
"NEW ENGLAND STYLE CLAM CHOWDER, NEW ENGLAND STYLE","Safeway, Inc.",134,425,569.5
"SPINACH ARTICHOKE MIXED VEGETABLES WITH CAVATAPPI PASTA IN A CREAMY PLANT-BASED CHEEZE SAUCE CAVATAPPI, SPINACH ARTICHOKE","Conagra Brands, Inc.",181,304,550.2
"Hand Made Soy Chorizo, Bean & Potato Burrito",Reynaldo's,191,283,540.5
"Peanuts, virginia, oil-roasted, without salt",,578,143,826.5
VIETNAMESE BEEF MEATBALLS,Dominick's Finer Foods,165,468,772.2
CHOCOLATE SPREAD,BRINKERS,560,100,560
"Cheese spread, cream cheese",,295,240,708
"Nuts, almonds, oil roasted, lightly salted",,607,157,953
Pannenkoeken with Cheese,,226.89,238,540
BK Stacker Triple,Burger King,441.94,310,1370
DECORATED BELGIAN CHOCOLATE,CHOC'TALES,558,100,558
EGG SALAD CROISSANT,GRETCHEN'S SHOEBOX EXPRESS,278,198,550.4
MEXICAN STYLE FIESTA,Pinnacle Foods Group LLC,141,454,640.1
Minis Vanilla,Snickers,376,250,940
VANILLA CUPCAKE,Arruda's Dairy Farms,391,156,610
Spicy Lamb + Avocado Bowl,Cava,169.15,470,795
"WATERMELON BASIL SHRUB SODA, WATERMELON BASIL","Asheville Kombucha Mamas, LLC",438,240,1051.2
Chicken Al Pastor Bowl,TGI Fridays,145.23,482,700
General Mills Mermaid Cereal,GENERAL MILLS SALES INC.,385,162,623.7
"AMISH STYLE MACARONI SALAD, AMISH STYLE","Ahold USA, Inc.",407,140,569.8
Country Ham Dinner,Waffle House,181.43,350,635
Shipwreck Kelly Sandwich,Good To Go Fresh,218,312,680.2
GRANDE BEEF BARBACOA BURRITO,Krause Gentle Corporation,165,351.5,580
"Chipotle Cheese Steak (Cheesesteak #43), Wrap",Jersey Mike's Subs,285.71,350,1000
O Organics Organic Milk Reduced Fat 2% Ultra Pasteurized - 12 Fl. Oz.,O Organics,180,340.2,612.4
"Frostings, white, fluffy, dry mix, prepared with water",,244,315,768.6
"Fast foods, fish sandwich, with tartar sauce",,257,220,565.4
"Pork, fresh, composite of separable fat, with added solution, raw",,508,113,574
Taramosalata,,294.12,238,700
CHICKEN CAESAR WRAP,Triple 'B' Corporation,231,255,589
"STACKED CHICKEN GRILLED CHICKEN THIGHS & CHEESE LAYERED BETWEEN MIXLA TORTILLAS & TOPPED WITH ROASTED CHILE SAUCE ENCHILADAS, STACKED CHICKEN",H E Butt Grocery Company,206,340,700.4
"TURKEY AND CHEESE SUB, TURKEY AND CHEESE","Meijer, Inc.",228,312,711.4
FRUIT PUNCH,Harvest Hill Beverage Company,667,180,1200.6
Deep-Fried Mars Bar,,308.82,170,525
"STRAWBERRY LEMONADE KOMBUCHA, STRAWBERRY LEMONADE","Buddha's Brew, LLC",625,240,1500
"Sorghum flour, refined, unenriched",,357,161,574.8
"Seeds, sunflower seed kernels, dry roasted, with salt added",,582,128,745
Chicken Alfredo With Cavatappi Pasta,Fresh Foods Market,235,340,799
Pork Roll and Macaroni Salad,,256.04,207,530
"SPAGHETTI & MEATBALLS BEEF AND PORK MEATBALLS BLENDED WITH CHEESE MICROWAVE-SAFE TRAY, SPAGHETTI & MEATBALLS","Wal-Mart Stores, Inc.",158,398,628.8
Inihaw na Liempo,,300,238,714
HAM PINWHEELS,"Renaissance Food Group, LLC",192,276,529.9
Fish and Chips Combo,,277.78,450,1250
"Mayonnaise, reduced fat,  with olive oil",,361,220,794.2
"NEW YORK STYLE CHEESECAKES, NEW YORK STYLE","Winn-Dixie Stores, Inc.",352,210,739.2
